item_id,qty,revenue,cost,profit,orders,promo_lines,lines,margin,promo_dependency,rating,rating_count,prepared,consumed,wasted,wastage_pct,repeat_pct,trend,name,category_id,base_price,food_cost,category,demand_score,profit_score,klass,slow_mover
M001,9048,59387.28,24520.08,34867.2,4517,1155,4540,0.58711565,25.4,4.26,599,10518,9079,1437,13.7,5.0,-9.0,Truffle Fries,C01,6.99,2.71,Starters,0.18186544660497037,0.6001940528869629,Hidden Opportunity,True
M002,16020,73386.38,28355.4,45030.98,7922,2071,7993,0.613615,25.9,3.36,1038,18112,16079,2033,11.2,7.0,-2.0,Loaded Nachos,C01,5.48,1.77,Starters,0.36310699802433194,0.5579918448448181,Hidden Opportunity,False
M003,4352,29678.02,13926.4,15751.62,2183,567,2184,0.53075033,26.0,3.43,304,5333,4365,968,18.2,3.0,-12.0,Soup of the Day,C01,6.69,3.2,Starters,0.0597899552875117,0.32207310791015625,Low Performer,True
M004,3983,26998.18,17445.541,9552.64,2007,530,2009,0.3538253,26.4,3.47,268,4928,3988,939,19.1,2.0,-3.0,Calamari Rings,C01,6.29,4.38,Starters,0.05019756680877613,-0.055227211141586297,Low Performer,True
M005,10620,67514.08,33984.0,33530.08,5271,1316,5300,0.49663833,24.8,4.2,677,12229,10667,1561,12.8,5.0,-9.0,Chicken Wings,C01,6.61,3.2,Starters,0.22273058126234793,0.4194894860267639,Low Performer,True
M006,6818,70335.06,28567.42,41767.64,3403,883,3415,0.5938381,25.9,3.33,465,8049,6836,1213,15.1,3.0,-5.0,Spring Rolls,C01,10.22,4.19,Starters,0.12389518560881772,0.4816221848487854,Hidden Opportunity,True
M007,13509,77242.44,53495.64,23746.799,6669,1698,6708,0.307432,25.3,3.84,890,19043,13541,5496,28.9,6.0,-7.0,Garlic Bread,C01,5.97,3.96,Starters,0.29783196423000935,-0.12023896763324737,Low Performer,True
M008,6612,40686.04,19307.041,21379.0,3302,868,3311,0.52546275,26.2,4.02,430,7811,6616,1195,15.3,3.0,-7.0,Bruschetta,C01,6.36,2.92,Starters,0.11854008526567536,0.4571391556739807,Hidden Opportunity,True
M009,32123,335864.75,206550.89,129313.875,15838,4152,16099,0.38501766,25.8,4.68,2068,36038,32401,3627,10.1,15.0,-8.0,Hummus Platter,C01,10.11,6.43,Starters,0.7817146719351149,0.21086380276679995,Volume Driver,False
M010,12813,121578.84,39976.56,81602.28,6385,1614,6431,0.6711882,25.1,4.25,837,14590,12865,1725,11.8,6.0,-10.0,Stuffed Mushrooms,C01,10.26,3.12,Starters,0.2797390038473536,0.7927333510398865,Hidden Opportunity,True
M011,15911,81835.28,40254.832,41580.45,7838,2008,7909,0.5080993,25.4,3.57,1005,18019,15974,2040,11.3,7.0,-4.0,Cheese Sticks,C01,5.4,2.53,Starters,0.3602734740563585,0.3369058497428894,Low Performer,False
M012,19488,130149.5,76392.96,53756.54,9653,2499,9769,0.41303685,25.6,3.34,1295,27273,19590,7678,28.2,9.0,-9.0,Onion Rings,C01,7.63,3.92,Starters,0.4532598523448061,-0.013566842126846279,Low Performer,False
M013,16160,113477.57,50904.0,62573.57,7996,2079,8056,0.55141795,25.8,3.52,1050,18297,16221,2076,11.3,7.0,-11.0,Prawn Tempura,C01,6.81,3.15,Starters,0.36674638660705,0.42730147914886474,Low Performer,False
M014,14255,74020.17,40056.55,33963.62,7090,1901,7143,0.45884278,26.6,4.36,939,16190,14311,1879,11.6,7.0,-3.0,Caesar Salad,C01,5.45,2.81,Starters,0.3172247062493501,0.3514192193508148,Low Performer,True
M015,13711,131516.27,65538.58,65977.68,6817,1788,6866,0.5016694,26.0,3.72,888,19290,13754,5536,28.7,6.0,-7.0,Greek Salad,C01,10.22,4.78,Starters,0.3030830820422169,0.2868881289482117,Low Performer,True
M016,8916,202235.39,139267.92,62967.477,4390,1157,4414,0.31135732,26.2,4.04,565,12715,8940,3767,29.6,4.0,-6.0,Signature Ribeye,C02,21.96,15.62,Signature Mains,0.17843402308412187,-0.11834775462150576,Low Performer,True
M017,11204,246916.0,86494.875,160421.12,5591,1423,5624,0.6496992,25.3,4.24,723,12874,11236,1637,12.7,5.0,-5.0,Butter Chicken,C02,24.36,7.72,Signature Mains,0.23791203077882916,0.7397910482406617,Hidden Opportunity,True
M018,31188,417800.44,149078.64,268721.8,15317,4063,15569,0.6431822,26.1,3.36,2104,34944,31444,3500,10.0,14.0,-9.0,Grilled Salmon,C02,14.11,4.78,Signature Mains,0.7574087553291047,0.6304915928840638,Profit Driver,False
M019,12470,179880.66,74196.5,105684.16,6276,1688,6319,0.58752376,26.7,4.67,809,14257,12537,1720,12.1,6.0,-9.0,Mushroom Risotto,C02,15.71,5.95,Signature Mains,0.2708225018196943,0.6154456840515137,Hidden Opportunity,True
M020,18613,313010.16,215166.28,97843.88,9181,2385,9269,0.3125901,25.7,3.65,1226,21055,18731,2324,11.0,8.0,-9.0,Beef Stroganoff,C02,17.03,11.56,Signature Mains,0.4305136737028179,0.051624737143516536,Low Performer,False
M021,17447,474916.9,223670.53,251246.36,8613,2202,8711,0.5290323,25.3,4.08,1125,19755,17543,2212,11.2,8.0,-7.0,Chicken Alfredo,C02,29.14,12.82,Signature Mains,0.4002027659353229,0.5014879481315613,Hidden Opportunity,False
M022,9371,185282.75,87993.695,97289.06,4686,1179,4710,0.52508426,25.0,4.26,566,10844,9392,1451,13.4,5.0,-3.0,Lamb Rogan Josh,C02,20.1,9.39,Signature Mains,0.1902620359779557,0.47344933452606197,Hidden Opportunity,True
M023,2084,45119.04,27988.121,17130.92,1041,277,1041,0.3796827,26.6,3.31,160,2756,2084,671,24.3,1.0,8.0,Thai Green Curry,C02,21.16,13.43,Signature Mains,0.0008318602474784236,-0.0480690037727356,Low Performer,True
M024,5975,115719.76,47202.5,68517.26,2954,769,2962,0.59209645,26.0,4.34,395,7108,5985,1122,15.8,3.0,-8.0,Roast Chicken,C02,19.12,7.9,Signature Mains,0.10198086721430799,0.591687791633606,Hidden Opportunity,True
M025,28809,651064.0,319203.72,331860.25,14208,3731,14423,0.5097199,25.9,4.55,1949,32260,29025,3235,10.0,13.0,-4.0,Beef Wellington,C02,20.29,11.08,Signature Mains,0.6955651450556306,0.4719876384735107,Profit Driver,False
M026,25502,450346.53,299393.47,150953.05,12475,3319,12642,0.33519313,26.3,4.39,1641,28692,25700,2992,10.4,12.0,-6.0,Duck Confit,C02,18.88,11.74,Signature Mains,0.6095975876052823,0.1041918893098831,Volume Driver,False
M027,23074,373022.75,231201.48,141821.27,11332,3012,11500,0.3801947,26.2,3.68,1524,25960,23230,2730,10.5,11.0,-6.0,Vegetable Korma,C02,16.5,10.02,Signature Mains,0.546480191327857,0.19719940948486328,Low Performer,False
M028,11195,307344.12,111166.35,196177.77,5586,1431,5613,0.63830006,25.5,4.65,728,12843,11219,1624,12.6,5.0,-13.0,Chicken Parmesan,C02,28.82,9.93,Signature Mains,0.23767807008422584,0.7169037285804749,Hidden Opportunity,True
M029,34989,717951.6,345341.44,372610.22,17184,4438,17486,0.51899064,25.4,4.45,2318,39224,35292,3927,10.0,16.0,-8.0,Pan-Seared Steak,C02,20.7,9.87,Signature Mains,0.8562181553499012,0.4913333988189697,Profit Driver,False
M030,26774,811004.9,276575.4,534429.5,13229,3473,13402,0.65897197,25.9,4.59,1725,30078,26975,3103,10.3,12.0,-6.0,Paneer Tikka Masala,C02,28.62,10.33,Signature Mains,0.6426640324425497,0.7807410405158997,Profit Driver,False
M031,4219,112744.44,39911.74,72832.7,2112,537,2119,0.6459982,25.3,3.88,286,5186,4222,963,18.6,2.0,-2.0,Smoked Brisket,C03,27.92,9.46,Grills & BBQ,0.0563325361339295,0.6789678359985352,Hidden Opportunity,True
M032,12652,252156.34,77430.24,174726.11,6276,1590,6320,0.6929276,25.2,4.28,854,14407,12693,1714,11.9,6.0,-2.0,BBQ Ribs Full Rack,C03,18.35,6.12,Grills & BBQ,0.2755537069772278,0.8371983269691468,Hidden Opportunity,True
M033,11610,332089.0,199808.1,132280.9,5769,1527,5797,0.39832968,26.3,4.21,761,16424,11645,4768,29.0,5.0,-7.0,Peri Peri Chicken,C03,28.41,17.21,Grills & BBQ,0.24846625766871167,0.06854278588294982,Low Performer,True
M034,10199,303663.4,117186.51,186476.89,5063,1297,5088,0.6140908,25.5,3.44,639,11729,10216,1510,12.9,5.0,-4.0,Lamb Chops,C03,28.55,11.49,Grills & BBQ,0.2117864198814599,0.5436847986221314,Hidden Opportunity,True
M035,3049,64025.01,30886.37,33138.64,1533,406,1537,0.517589,26.4,4.25,203,3878,3051,826,21.3,2.0,1.0,Grilled Kebab Platter,C03,22.25,10.13,Grills & BBQ,0.025917645835499634,0.3867084796905518,Low Performer,True
M036,16854,420886.78,150169.14,270717.66,8331,2192,8405,0.6432077,26.1,4.64,1128,19076,16928,2148,11.3,8.0,-4.0,Tandoori Chicken,C03,25.36,8.91,Grills & BBQ,0.38478735572423833,0.7388448794364929,Hidden Opportunity,False
M037,7472,176662.16,75766.08,100896.08,3741,998,3756,0.57112443,26.6,4.73,513,8776,7489,1287,14.7,4.0,1.0,BBQ Pulled Pork,C03,25.28,10.14,Grills & BBQ,0.140896329416658,0.5578242136955261,Hidden Opportunity,True
M038,16026,475718.8,281096.03,194622.78,7935,2077,8005,0.40911308,25.9,4.27,1024,18134,16086,2048,11.3,7.0,-9.0,Grilled Lamb Skewers,C03,29.23,17.54,Grills & BBQ,0.36326297182073414,0.2503451784133911,Low Performer,False
M039,30159,756069.0,393574.97,362494.03,14963,3888,15171,0.4794457,25.6,3.89,1924,33840,30408,3430,10.1,14.0,-7.0,Char-Grilled Steak,C03,24.37,13.05,Grills & BBQ,0.7306592492461267,0.4079125562667847,Volume Driver,False
M040,24377,440880.28,221099.38,219780.9,12065,3178,12223,0.49850473,26.0,3.4,1576,27405,24552,2848,10.4,11.0,-8.0,Smoked Sausage Plate,C03,17.55,9.07,Grills & BBQ,0.580352500779869,0.32498423233032225,Volume Driver,False
M041,7788,189150.52,96337.56,92812.96,3873,1018,3886,0.49068305,26.2,4.29,491,9107,7799,1308,14.4,4.0,-1.0,Chicken Tikka Skewers,C03,25.73,12.37,Grills & BBQ,0.14911094936050742,0.3926622156143188,Low Performer,True
M042,20398,458698.4,165427.78,293270.62,9963,2584,10099,0.63935393,25.6,3.59,1275,22998,20511,2485,10.8,9.0,-5.0,Grilled Veg Platter,C03,23.21,8.11,Grills & BBQ,0.47691587813247377,0.6153029015541077,Hidden Opportunity,False
M043,3406,99216.46,43392.44,55824.02,1691,404,1696,0.5626488,23.8,3.64,209,4277,3409,868,20.3,2.0,0.0,Beef Short Ribs,C03,29.18,12.74,Grills & BBQ,0.0351980867214308,0.4897375486373901,Hidden Opportunity,True
M044,30569,885262.2,420323.75,464938.4,15074,3867,15334,0.5251986,25.2,3.29,1956,34261,30839,3422,10.0,14.0,-6.0,Spicy Buffalo Wings,C03,27.96,13.75,Grills & BBQ,0.741317458666944,0.38428793191909794,Volume Driver,False
M045,27837,439148.1,201539.88,237608.22,13700,3574,13902,0.5410663,25.7,3.7,1911,38875,28085,10761,27.7,13.0,-3.0,Mixed Grill,C03,17.15,7.24,Grills & BBQ,0.6702973900384736,0.3781000406265259,Volume Driver,False
M046,12016,160193.67,59959.84,100233.83,6042,1475,6074,0.62570405,24.3,3.55,799,13726,12052,1674,12.2,6.0,-11.0,Margherita Pizza,C04,14.61,4.99,Pizza & Pasta,0.25902048455859417,0.5742188550949097,Hidden Opportunity,True
M047,3372,46640.42,17062.32,29578.1,1650,453,1658,0.6341731,27.3,3.7,223,4223,3372,851,20.2,2.0,-13.0,Pepperoni Pizza,C04,13.91,5.06,Pizza & Pasta,0.03431423520848498,0.6398917514801026,Hidden Opportunity,True
M048,21264,302958.7,203496.47,99462.21,10525,2783,10646,0.32830292,26.1,3.6,1357,23965,21397,2568,10.7,10.0,-5.0,Truffle Carbonara,C04,14.83,9.57,Pizza & Pasta,0.4994280960798586,0.08711366946697235,Low Performer,False
M049,27618,436733.5,254637.97,182095.55,13645,3562,13832,0.41694885,25.8,3.38,1820,30985,27826,3159,10.2,13.0,-6.0,Four Cheese Pasta,C04,17.05,9.22,Pizza & Pasta,0.664604346469793,0.1565965802192688,Volume Driver,False
M050,10270,126259.0,42415.1,83843.9,5108,1304,5134,0.66406274,25.4,3.78,664,11795,10293,1500,12.7,5.0,-2.0,BBQ Chicken Pizza,C04,12.32,4.13,Pizza & Pasta,0.21363210980555267,0.769764257144928,Hidden Opportunity,True
M051,15505,290458.7,117993.055,172465.64,7716,2056,7785,0.5937699,26.4,3.58,1024,17584,15596,1988,11.3,7.0,-5.0,Veggie Supreme Pizza,C04,19.21,7.61,Pizza & Pasta,0.349719247166476,0.5156799085617065,Hidden Opportunity,True
M052,5501,68444.875,35701.49,32743.39,2720,667,2729,0.47839063,24.4,3.68,339,6606,5507,1098,16.6,2.0,-5.0,Spaghetti Bolognese,C04,12.42,6.49,Pizza & Pasta,0.08965893729853384,0.3472109097003937,Low Performer,True
M053,20572,322219.88,110060.195,212159.69,10217,2642,10325,0.6584314,25.6,3.66,1270,23150,20685,2465,10.6,9.0,-6.0,Penne Arrabbiata,C04,17.6,5.35,Pizza & Pasta,0.4814391182281377,0.7769130226135254,Hidden Opportunity,False
M054,17213,299801.56,119630.35,180171.22,8548,2308,8603,0.60096824,26.8,4.65,1137,19460,17317,2143,11.0,8.0,-4.0,Lasagne al Forno,C04,16.35,6.95,Pizza & Pasta,0.3941197878756369,0.6534011135101319,Hidden Opportunity,False
M055,10762,178026.52,81791.195,96235.32,5388,1398,5420,0.54056734,25.8,4.64,729,12340,10797,1543,12.5,5.0,-3.0,Meat Feast Pizza,C04,17.13,7.6,Pizza & Pasta,0.22642196111053342,0.5138588666915893,Hidden Opportunity,True
M056,17389,256162.95,92335.59,163827.36,8556,2229,8635,0.63954353,25.8,4.16,1091,19652,17470,2180,11.1,8.0,-6.0,Hawaiian Pizza,C04,14.87,5.31,Pizza & Pasta,0.3986950192367682,0.7329985571861267,Hidden Opportunity,False
M057,11033,179222.94,95987.1,83235.84,5446,1414,5475,0.46442625,25.8,4.74,752,12655,11064,1588,12.5,5.0,-7.0,Mushroom Pizza,C04,15.98,8.7,Pizza & Pasta,0.23346677758136633,0.35497055649757386,Low Performer,True
M058,35085,633354.94,284539.34,348815.6,17180,4507,17493,0.5507427,25.8,4.7,2250,39346,35419,3927,10.0,15.0,-6.0,Seafood Linguine,C04,16.87,8.11,Pizza & Pasta,0.8587137360923365,0.5575923657417298,Profit Driver,False
M059,25886,389830.88,145220.47,244610.39,12804,3367,12956,0.6274783,26.0,3.85,1710,28983,26046,2935,10.1,12.0,-5.0,Mac and Cheese,C04,15.23,5.61,Pizza & Pasta,0.6195799105750234,0.7168213168144226,Profit Driver,False
M060,24131,457007.75,128135.61,328872.16,11859,3175,12040,0.71962047,26.4,3.25,1502,27067,24292,2774,10.2,11.0,-8.0,Pesto Pasta,C04,17.58,5.31,Pizza & Pasta,0.5739575751273785,0.7882,Profit Driver,False
M061,3867,41367.97,16628.1,24739.87,1952,495,1954,0.5980441,25.3,4.73,236,4789,3868,920,19.2,2.0,-4.0,Classic Beef Burger,C05,10.71,4.3,Burgers & Sandwiches,0.04718207341166684,0.5734991476058959,Hidden Opportunity,True
M062,14814,240762.52,123696.9,117065.62,7330,1827,7390,0.4862286,24.7,4.71,1014,16796,14878,1918,11.4,7.0,-7.0,Cheeseburger Deluxe,C05,15.66,8.35,Burgers & Sandwiches,0.33175626494748883,0.4103668116569519,Low Performer,True
M063,9440,127367.37,77785.6,49581.77,4668,1206,4691,0.38928154,25.7,3.72,616,10893,9456,1437,13.2,5.0,-6.0,Crispy Chicken Burger,C05,14.01,8.24,Burgers & Sandwiches,0.19205573463658104,0.19186149473190306,Low Performer,True
M064,7429,71981.25,36550.68,35430.57,3681,967,3697,0.49221945,26.2,3.27,489,8738,7443,1295,14.8,4.0,-5.0,Double Bacon Burger,C05,9.79,4.92,Burgers & Sandwiches,0.13977851720910886,0.27226834945678713,Low Performer,True
M065,23818,360711.25,159818.78,200892.48,11785,3058,11904,0.5569343,25.7,3.95,1502,26731,23918,2813,10.5,11.0,-10.0,Veggie Burger,C05,15.35,6.71,Burgers & Sandwiches,0.5658209420817303,0.5660128049850464,Profit Driver,False
M066,3396,38158.63,19628.88,18529.75,1704,438,1708,0.48559785,25.6,4.34,211,4287,3406,881,20.6,2.0,-6.0,Pulled Pork Sandwich,C05,11.24,5.78,Burgers & Sandwiches,0.03493813039409379,0.3262506218910217,Low Performer,True
M067,40520,605863.9,297822.0,308041.88,19737,5271,20167,0.5084341,26.1,4.52,2724,45339,40989,4350,9.6,18.0,-5.0,Club Sandwich,C05,14.75,7.35,Burgers & Sandwiches,1.0,0.4729044757843017,Profit Driver,False
M068,11123,153379.75,74857.79,78521.96,5538,1442,5580,0.5119448,25.8,4.29,752,12749,11162,1584,12.4,5.0,-7.0,Grilled Chicken Wrap,C05,13.11,6.73,Burgers & Sandwiches,0.2358063845273994,0.45503036346435544,Hidden Opportunity,True
M069,3536,38161.95,16654.56,21507.389,1779,436,1782,0.563582,24.5,3.67,229,4418,3539,878,19.9,2.0,-7.0,Fish Burger,C05,10.78,4.71,Burgers & Sandwiches,0.03857751897681189,0.4952849515914917,Hidden Opportunity,True
M070,32799,498259.3,235824.81,262434.53,16056,4275,16356,0.52670264,26.1,4.56,2171,36688,33068,3617,9.9,15.0,-5.0,Steak Sandwich,C05,14.78,7.19,Burgers & Sandwiches,0.7992877196630966,0.5083265336990357,Profit Driver,False
M071,24193,307622.5,110803.94,196818.55,11907,3114,12067,0.6398055,25.8,4.69,1595,27121,24344,2773,10.2,10.0,-9.0,Falafel Wrap,C05,11.95,4.58,Burgers & Sandwiches,0.575569304356868,0.7416451913833618,Profit Driver,False
M072,18806,239983.0,173767.44,66215.56,9264,2484,9360,0.2759177,26.5,4.45,1234,21241,18909,2327,11.0,9.0,-7.0,Philly Cheesesteak,C05,13.31,9.24,Burgers & Sandwiches,0.43553083082042215,-0.024901770591735845,Low Performer,False
M073,4745,61459.36,22870.9,38588.46,2382,591,2391,0.62786955,24.7,3.16,306,5771,4748,1022,17.7,2.0,-14.0,BBQ Bacon Burger,C05,13.65,4.82,Burgers & Sandwiches,0.07000623895185609,0.5292377216339111,Hidden Opportunity,True
M074,8219,85730.41,26054.23,59676.18,4080,1063,4096,0.6960911,26.0,4.36,596,11766,8238,3528,30.0,4.0,-9.0,Spicy Zinger Burger,C05,9.2,3.17,Burgers & Sandwiches,0.16031506706873244,0.6808998394012451,Hidden Opportunity,True
M075,14100,203202.16,139590.0,63612.16,7048,1852,7101,0.31304863,26.1,3.75,929,16004,14140,1864,11.6,7.0,-9.0,Halloumi Burger,C05,14.01,9.9,Burgers & Sandwiches,0.3131953831756265,0.04718160030841828,Low Performer,True
M076,24923,270148.12,141562.64,128585.484,12249,3228,12389,0.4759814,26.1,3.36,1708,27976,25072,2904,10.4,11.0,-8.0,Chicken Biryani,C06,11.57,5.68,Rice & Biryani,0.5945461162524696,0.2779834367275238,Volume Driver,False
M077,15976,168929.38,81317.84,87611.54,7908,1985,7971,0.5186282,24.9,4.2,1104,18103,16041,2062,11.4,7.0,-7.0,Mutton Biryani,C06,10.9,5.09,Rice & Biryani,0.3619631901840491,0.47797707548141477,Hidden Opportunity,False
M078,5669,60228.24,45748.83,14479.412,2811,729,2817,0.24040899,25.9,3.3,337,6779,5678,1100,16.2,3.0,-7.0,Veg Biryani,C06,11.37,8.07,Rice & Biryani,0.09402620359779557,-0.26580000000000004,Low Performer,True
M079,16928,279498.53,89718.4,189780.14,8351,2186,8422,0.6790022,26.0,4.64,1169,19171,17018,2152,11.2,7.0,-4.0,Egg Fried Rice,C06,16.3,5.3,Rice & Biryani,0.38671103254653216,0.8144394533157349,Hidden Opportunity,False
M080,15510,302489.9,117876.0,184613.9,7719,1962,7782,0.61031425,25.2,4.3,1022,17601,15564,2037,11.6,8.0,-6.0,Chicken Fried Rice,C06,19.11,7.6,Rice & Biryani,0.3498492253301445,0.6675039916992187,Hidden Opportunity,True
M081,5068,95249.76,31218.879,64030.88,2538,707,2540,0.6722419,27.8,4.68,336,6132,5076,1054,17.2,3.0,-6.0,Prawn Biryani,C06,19.14,6.16,Rice & Biryani,0.07840282832484143,0.7463322855949401,Hidden Opportunity,True
M082,2300,39930.89,18377.0,21553.89,1138,274,1141,0.53977984,24.0,3.73,145,3472,2300,1172,33.8,1.0,-18.0,Jeera Rice,C06,17.88,7.99,Rice & Biryani,0.006446916917957783,0.3205155070304871,Low Performer,True
M083,15010,250857.77,85256.805,165600.97,7454,1927,7497,0.6601389,25.7,3.28,942,17017,15080,1937,11.4,7.0,-6.0,Mushroom Rice,C06,17.48,5.68,Rice & Biryani,0.3368514089632942,0.6532761882781982,Hidden Opportunity,True
M084,10656,121481.85,64255.68,57226.17,5322,1379,5348,0.47106767,25.8,3.71,687,12259,10683,1575,12.8,5.0,-9.0,Beef Pulao,C06,11.49,6.03,Rice & Biryani,0.22366642404076115,0.36612961988449094,Low Performer,True
M085,34707,446903.47,277308.94,169594.53,17060,4449,17337,0.37948805,25.7,4.61,2234,48259,35015,13235,27.4,15.0,-6.0,Vegetable Pulao,C06,13.47,7.99,Rice & Biryani,0.8488873869189976,0.04362482037544252,Volume Driver,False
M086,21324,234295.88,96810.96,137484.92,10520,2723,10637,0.5868004,25.6,3.34,1433,23997,21465,2532,10.6,10.0,-8.0,Schezwan Fried Rice,C06,11.76,4.54,Rice & Biryani,0.5009878340438806,0.5074361964225769,Hidden Opportunity,False
M087,11490,110217.86,35963.703,74254.16,5758,1495,5796,0.6737035,25.8,3.4,753,16226,11520,4699,29.0,6.0,-5.0,Kabuli Pulao,C06,10.28,3.13,Rice & Biryani,0.24534678174066757,0.5231822552680969,Hidden Opportunity,True
M088,25755,378294.12,176421.75,201872.39,12759,3381,12928,0.53363866,26.2,4.36,1628,28966,25940,3026,10.4,12.0,-2.0,Lemon Rice,C06,13.41,6.85,Rice & Biryani,0.6161744826869086,0.5183003295898437,Profit Driver,False
M089,15423,204637.81,80662.29,123975.53,7699,2042,7760,0.605829,26.3,3.31,1010,17474,15465,2007,11.5,7.0,-5.0,Hyderabadi Biryani,C06,13.22,5.23,Rice & Biryani,0.3475876052823126,0.5390443935394287,Hidden Opportunity,True
M090,12263,188383.48,74436.41,113947.086,6102,1655,6144,0.60486764,26.9,4.45,803,13988,12302,1684,12.0,6.0,-5.0,Steamed Basmati,C06,15.5,6.07,Rice & Biryani,0.26544140584381826,0.6525382204055786,Hidden Opportunity,True
M091,18250,286643.16,125560.0,161083.14,9061,2445,9153,0.5619641,26.7,3.86,1188,20627,18355,2272,11.0,8.0,-5.0,Grilled Prawns,C07,16.82,6.88,Seafood,0.42107725902048454,0.5720087656974793,Hidden Opportunity,False
M092,9412,253962.4,83390.32,170572.08,4659,1189,4681,0.6716431,25.4,4.15,619,10867,9436,1431,13.2,5.0,-5.0,Fish and Chips,C07,25.33,8.86,Seafood,0.19132785692003743,0.7810826146125793,Hidden Opportunity,True
M093,12953,252753.19,91966.3,160786.89,6488,1707,6528,0.6361419,26.1,4.07,879,14804,13002,1801,12.2,6.0,-6.0,Butter Garlic Shrimp,C07,18.65,7.1,Seafood,0.28337839243007173,0.7160001208305359,Hidden Opportunity,True
M094,30622,817915.8,330717.62,487198.22,15117,3973,15339,0.5956581,25.9,3.22,1943,42748,30873,11875,27.8,14.0,-5.0,Crab Cakes,C07,26.07,10.8,Seafood,0.7426952272018301,0.37112019281387326,Volume Driver,False
M095,8532,145919.61,57420.36,88499.25,4239,1130,4255,0.6064932,26.6,3.59,548,9894,8537,1355,13.7,4.0,-5.0,Lobster Thermidor,C07,17.0,6.73,Seafood,0.1684517001143808,0.5206303207397461,Hidden Opportunity,True
M096,22545,515684.2,368836.22,146847.97,11138,2879,11256,0.28476337,25.6,4.28,1444,25321,22658,2662,10.5,10.0,-4.0,Fried Calamari,C07,23.32,16.36,Seafood,0.5327285016117292,-0.001942994415760041,Low Performer,False
M097,20568,543149.75,226042.33,317107.44,10131,2656,10262,0.5838306,25.9,3.65,1393,23188,20708,2476,10.7,10.0,-6.0,Grilled Octopus,C07,26.75,10.99,Seafood,0.4813351356972029,0.6203389226913452,Hidden Opportunity,False
M098,24212,743274.0,248415.12,494858.9,11882,3202,12050,0.6657826,26.6,4.29,1538,27189,24391,2798,10.3,11.0,-6.0,Seafood Platter,C07,29.84,10.26,Seafood,0.5760632213788084,0.7949531720161438,Profit Driver,False
M099,8084,224848.3,114711.96,110136.34,4031,1062,4046,0.48982507,26.2,3.3,489,11555,8100,3455,29.9,4.0,-8.0,Salmon Teriyaki,C07,26.77,14.19,Seafood,0.15680565664968285,0.13137187089920044,Low Performer,True
M100,9279,155889.34,83232.63,72656.72,4628,1189,4647,0.46607876,25.6,3.43,621,10729,9302,1427,13.3,4.0,-7.0,Prawn Curry,C07,16.59,8.97,Seafood,0.18787043776645523,0.23121895341873167,Low Performer,True
M101,15377,399519.8,189137.11,210382.7,7629,2051,7689,0.5265889,26.7,3.55,1013,21621,15432,6189,28.6,7.0,-7.0,Baked Cod,C07,26.87,12.3,Seafood,0.34639180617656234,0.2197892476081848,Low Performer,True
M102,26563,672787.3,205863.25,466924.1,13107,3410,13300,0.6940144,25.6,4.38,1729,29834,26749,3085,10.3,12.0,-8.0,Mussels Marinara,C07,23.96,7.75,Seafood,0.6371789539357388,0.8538661644935608,Profit Driver,False
M103,38989,535628.8,190266.33,345362.53,19121,5028,19531,0.64477956,25.7,3.49,2560,43759,39406,4349,9.9,17.0,-6.0,Tuna Steak,C07,15.32,4.88,Seafood,0.9602006862847041,0.6347249230384827,Profit Driver,False
M104,22826,523106.22,149738.56,373367.66,11312,3003,11458,0.71375114,26.2,4.11,1514,25622,22942,2672,10.4,11.0,-7.0,Fish Tacos,C07,19.55,6.56,Seafood,0.5400332744098991,0.8941521395683288,Hidden Opportunity,False
M105,17722,502622.25,188916.52,313705.75,8770,2307,8851,0.62413824,26.1,4.51,1162,20003,17788,2215,11.1,8.0,-9.0,Shrimp Scampi,C07,28.57,10.66,Seafood,0.40735156493709057,0.7008513880729675,Hidden Opportunity,False
M106,23496,218893.44,140741.03,78152.41,11620,3071,11756,0.35703403,26.1,4.32,1564,26528,23675,2850,10.7,11.0,-3.0,Molten Lava Cake,C08,9.72,5.99,Desserts,0.5574503483414787,0.14706862564086914,Volume Driver,False
M107,9185,68570.96,50150.098,18420.861,4572,1216,4601,0.26863942,26.4,4.02,596,10646,9199,1444,13.6,4.0,-10.0,New York Cheesecake,C08,7.86,5.46,Desserts,0.18542684828948736,-0.06348983129262925,Low Performer,True
M108,20011,165594.36,86847.74,78746.62,9863,2507,9952,0.47553924,25.2,4.62,1231,22513,20098,2414,10.7,9.0,-3.0,Gelato Trio,C08,8.55,4.34,Desserts,0.46685556826453156,0.3943607270240784,Low Performer,False
M109,8766,54285.81,25859.701,28426.11,4426,1152,4447,0.5236379,25.9,4.07,562,10179,8792,1387,13.6,4.0,-3.0,Tiramisu,C08,6.36,2.95,Desserts,0.17453467817406676,0.46863113412857055,Hidden Opportunity,True
M110,9274,64693.46,32366.26,32327.2,4653,1198,4668,0.49969813,25.7,3.46,593,10759,9293,1464,13.6,5.0,-6.0,Chocolate Brownie,C08,6.97,3.49,Desserts,0.18774045960278674,0.29867457399368286,Low Performer,True
M111,18540,121912.445,58030.203,63882.246,9113,2359,9203,0.524001,25.6,4.31,1208,25942,18609,7326,28.2,8.0,-8.0,Creme Brulee,C08,7.32,3.13,Desserts,0.42861599251325777,0.3379888879776001,Low Performer,False
M112,19934,180040.75,92294.42,87746.32,9861,2582,9960,0.48736927,25.9,4.53,1316,22456,20029,2427,10.8,9.0,-12.0,Apple Pie,C08,8.89,4.63,Desserts,0.4648539045440366,0.4181471827507019,Low Performer,False
M113,23847,225825.03,110650.08,115174.95,11824,3002,11970,0.5100185,25.1,4.7,1559,26773,23993,2777,10.4,11.0,-9.0,Sticky Toffee Pudding,C08,9.72,4.64,Desserts,0.5665748154310076,0.46901074542999266,Profit Driver,False
M114,24128,215983.94,118468.48,97515.46,11924,3062,12070,0.45149404,25.4,4.63,1594,27096,24280,2814,10.4,11.0,-8.0,Banoffee Pie,C08,9.0,4.91,Desserts,0.5738795882291775,0.3468841363430023,Volume Driver,False
M115,9024,44604.63,18860.16,25744.47,4528,1112,4545,0.5771703,24.5,4.72,577,10450,9039,1411,13.5,4.0,-2.0,Panna Cotta,C08,5.21,2.09,Desserts,0.18124155141936155,0.5812405500411987,Hidden Opportunity,True
M116,3079,18734.77,8621.2,10113.57,1517,397,1520,0.53982884,26.1,3.55,205,3904,3082,822,21.1,1.0,-12.0,Fruit Tart,C08,5.82,2.8,Desserts,0.02669751481751066,0.3149177886009216,Low Performer,True
M117,21588,241627.61,111609.96,130017.65,10704,2762,10817,0.538091,25.5,4.69,1435,24294,21699,2592,10.7,10.0,-9.0,Ice Cream Sundae,C08,9.46,5.17,Desserts,0.5078506810855776,0.5248913228034973,Hidden Opportunity,False
M118,36676,307345.6,205385.6,101960.0,17986,4802,18348,0.3317438,26.2,3.97,2457,41028,36980,4041,9.8,17.0,-5.0,Baklava,C08,8.82,5.6,Desserts,0.9000727877716543,0.10239397280216217,Volume Driver,False
M119,5760,37799.5,17280.0,20519.5,2877,740,2885,0.5428511,25.6,3.67,366,6890,5769,1121,16.3,3.0,-4.0,Carrot Cake,C08,6.25,3.0,Desserts,0.09639180617656233,0.48442449645996094,Hidden Opportunity,True
M120,15055,121406.0,46519.95,74886.05,7517,1945,7577,0.61682326,25.7,3.82,966,17034,15078,1953,11.5,7.0,-7.0,Red Velvet Slice,C08,7.45,3.09,Desserts,0.3380212124363107,0.6819867577552795,Hidden Opportunity,True
M121,11883,62984.72,29351.01,33633.71,5895,1537,5921,0.53399795,26.0,3.69,753,13561,11936,1625,12.0,6.0,-3.0,Fresh Lemonade,C09,5.6,2.47,Beverages,0.25556306540501195,0.5046500964164734,Hidden Opportunity,True
M122,23735,66143.54,21836.2,44307.34,11725,2990,11868,0.6698665,25.2,4.55,1575,26703,23877,2826,10.6,11.0,-10.0,Craft Cold Brew,C09,3.01,0.92,Beverages,0.5636633045648332,0.8007753249168396,Profit Driver,False
M123,4578,24049.75,11765.46,12284.29,2300,593,2306,0.5107866,25.7,4.65,338,5597,4595,1000,17.9,2.0,-8.0,Mango Smoothie,C09,5.41,2.57,Beverages,0.06566496828532807,0.4031135143280029,Low Performer,True
M124,33020,182093.98,100050.6,82043.38,16199,4189,16466,0.45055515,25.4,4.6,2078,37064,33366,3698,10.0,15.0,-4.0,Iced Latte,C09,5.78,3.03,Beverages,0.8050327544972444,0.34852487206459043,Volume Driver,False
M125,7698,42377.25,13702.44,28674.81,3820,1027,3834,0.6766557,26.8,3.4,489,8991,7713,1278,14.2,3.0,0.0,Masala Chai,C09,5.87,1.78,Beverages,0.14677134241447437,0.662542812538147,Hidden Opportunity,True
M126,19819,71455.76,34683.25,36772.508,9776,2531,9861,0.51461923,25.7,4.11,1279,22304,19911,2392,10.7,9.0,-7.0,Fresh Orange Juice,C09,3.57,1.75,Beverages,0.461864406779661,0.4759113251686096,Hidden Opportunity,False
M127,10603,53164.57,25235.14,27929.43,5292,1343,5313,0.5253391,25.3,4.23,703,12165,10632,1531,12.6,5.0,-8.0,Sparkling Water,C09,5.66,2.38,Beverages,0.222288655505875,0.4811811867713928,Hidden Opportunity,True
M128,2570,10141.86,5602.6,4539.26,1279,323,1280,0.4475767,25.2,4.23,166,3324,2572,751,22.6,1.0,-0.0,Cappuccino,C09,3.97,2.18,Beverages,0.013465737756056983,0.2289095977306366,Low Performer,True
M129,17810,86243.7,35798.1,50445.6,8878,2316,8952,0.5849192,25.9,3.42,1177,20106,17873,2231,11.1,9.0,-6.0,Strawberry Milkshake,C09,5.02,2.01,Beverages,0.40963918061765625,0.4990106345176697,Hidden Opportunity,False
M130,8417,41784.5,16581.49,25203.01,4193,1068,4208,0.60316646,25.4,3.3,557,9795,8437,1358,13.9,4.0,-3.0,Green Tea,C09,5.13,1.97,Beverages,0.1654622023500052,0.5118882869720459,Hidden Opportunity,True
M131,4410,22402.27,10672.2,11730.069,2194,530,2199,0.5236108,24.1,4.74,265,5415,4412,1003,18.5,2.0,-6.0,Coca-Cola,C09,4.93,2.42,Beverages,0.06129770198606634,0.42447456932067873,Low Performer,True
M132,25315,73979.57,28605.951,45373.62,12437,3270,12611,0.6133263,25.9,4.41,1626,28416,25491,2925,10.3,12.0,-8.0,Virgin Mojito,C09,3.14,1.13,Beverages,0.6047364042840803,0.685489480304718,Profit Driver,False
M133,2512,11266.96,5250.08,6016.8804,1288,336,1289,0.5340287,26.1,4.56,168,3814,2512,1302,34.1,2.0,-10.0,Espresso,C09,4.07,2.09,Beverages,0.011957991057502339,0.3058142906188965,Low Performer,True
M134,14230,78248.12,29740.7,48507.418,7081,1882,7130,0.61991805,26.4,4.22,924,16155,14286,1869,11.6,6.0,-7.0,Berry Smoothie,C09,5.61,2.09,Beverages,0.3165748154310076,0.6875448614120483,Hidden Opportunity,True
M135,28061,89424.72,28061.0,61363.72,13870,3694,14072,0.6862053,26.3,3.22,1777,31458,28272,3184,10.1,13.0,-8.0,Salted Caramel Frappe,C09,3.25,1.0,Beverages,0.6761204117708225,0.7193705526351929,Profit Driver,False
M136,13608,113330.74,57153.598,56177.14,6710,1776,6745,0.495692,26.3,3.33,895,15483,13655,1828,11.8,7.0,-3.0,French Fries,C10,7.78,4.2,Sides & Extras,0.3004055318706457,0.3065147841453552,Low Performer,True
M137,3347,14318.47,7162.58,7155.89,1641,441,1641,0.49976638,26.9,3.89,210,4203,3348,855,20.3,2.0,-7.0,Mashed Potatoes,C10,4.27,2.14,Sides & Extras,0.03366434439014246,0.35851696949005124,Low Performer,True
M138,7791,55262.82,25866.12,29396.701,3897,1041,3915,0.53194356,26.6,4.18,517,9109,7796,1313,14.4,3.0,-6.0,Steamed Vegetables,C10,7.03,3.32,Sides & Extras,0.14918893625870855,0.47876309194564814,Hidden Opportunity,True
M139,18213,87295.64,50632.14,36663.5,8968,2396,9037,0.41999233,26.5,4.73,1149,20532,18289,2243,10.9,9.0,-9.0,Coleslaw,C10,5.23,2.78,Sides & Extras,0.42011542060933765,0.2766475743293762,Low Performer,False
M140,39412,218638.69,115083.05,103555.64,19286,5105,19653,0.47363824,26.0,4.02,2568,44118,39820,4293,9.7,18.0,-9.0,Side Salad,C10,5.69,2.92,Sides & Extras,0.9711968389310596,0.39939379949569703,Volume Driver,False
M141,35583,248426.7,76859.28,171567.42,17465,4584,17784,0.6906159,25.8,3.97,2374,39897,35958,3933,9.9,16.0,-6.0,Garlic Naan,C10,6.99,2.16,Sides & Extras,0.8716595611937195,0.8503744038581849,Profit Driver,False
M142,19378,70364.41,32361.26,38003.15,9546,2492,9648,0.5400905,25.8,4.53,1235,21896,19476,2420,11.1,9.0,-7.0,Buttered Corn,C10,3.8,1.67,Sides & Extras,0.450400332744099,0.525463826751709,Hidden Opportunity,False
M143,10673,31007.69,13981.63,17026.06,5281,1365,5304,0.5490915,25.7,3.24,725,12272,10711,1561,12.7,6.0,-6.0,Cheese Dip,C10,3.13,1.31,Sides & Extras,0.22410834979723407,0.4098468000411988,Low Performer,True
M144,2052,11478.109,4658.04,6820.07,1044,252,1044,0.5941805,24.1,4.37,147,2732,2053,679,24.9,0.0,-7.0,Sweet Potato Fries,C10,5.66,2.27,Sides & Extras,0.0,0.5141367849349976,Hidden Opportunity,True
M145,14307,51049.88,24894.18,26155.701,7141,1830,7189,0.51235574,25.5,4.38,923,16274,14380,1894,11.6,7.0,-9.0,Rice Bowl,C10,3.68,1.74,Sides & Extras,0.31857647915150256,0.46308801469802857,Hidden Opportunity,True
M146,17357,115604.8,39747.53,75857.266,8590,2260,8661,0.6561775,26.1,4.7,1130,19612,17436,2175,11.1,8.0,-7.0,Pita Bread,C10,7.08,2.29,Sides & Extras,0.3978631589892898,0.7677097393035889,Hidden Opportunity,False
M147,15969,93965.53,29382.96,64582.566,7877,2049,7942,0.6873006,25.8,4.68,1011,18081,16011,2069,11.4,8.0,-7.0,Grilled Corn,C10,5.93,1.84,Sides & Extras,0.3617812207549132,0.8299562119483948,Hidden Opportunity,False
M148,14779,104752.58,43154.68,61597.9,7341,1922,7405,0.5880323,26.0,4.46,1020,16754,14835,1919,11.5,7.0,-6.0,Extra Cheese,C10,7.43,2.92,Sides & Extras,0.3308464178018093,0.6219068851470947,Hidden Opportunity,True
M149,21040,125210.54,67959.195,57251.344,10478,2741,10571,0.4572406,25.9,3.44,1346,23702,21156,2546,10.7,10.0,-9.0,Dinner Roll,C10,6.29,3.23,Sides & Extras,0.4936050743475096,0.23617584581375123,Low Performer,False
M150,18126,130934.984,93530.16,37404.824,8992,2350,9080,0.2856748,25.9,4.73,1170,20463,18203,2258,11.0,8.0,-6.0,Pickle Plate,C10,7.25,5.16,Sides & Extras,0.4178538005615057,-0.004541025102138524,Low Performer,False
