item_id,wasted,cost,prepared,wastage_pct,name
M133,1302,2721.18,3814,34.1,Espresso
M082,1172,9364.28,3472,33.8,Jeera Rice
M074,3528,11183.76,11766,30.0,Spicy Zinger Burger
M099,3455,49026.45,11555,29.9,Salmon Teriyaki
M016,3767,58840.54,12715,29.6,Signature Ribeye
M033,4768,82057.28,16424,29.0,Peri Peri Chicken
M087,4699,14707.87,16226,29.0,Kabuli Pulao
M007,5496,21764.16,19043,28.9,Garlic Bread
M015,5536,26462.08,19290,28.7,Greek Salad
M101,6189,76124.7,21621,28.6,Baked Cod
M111,7326,22930.38,25942,28.2,Creme Brulee
M012,7678,30097.760000000002,27273,28.2,Onion Rings
M094,11875,128250.0,42748,27.8,Crab Cakes
M045,10761,77909.64,38875,27.7,Mixed Grill
M085,13235,105747.65,48259,27.4,Vegetable Pulao
M144,679,1541.33,2732,24.9,Sweet Potato Fries
M023,671,9011.53,2756,24.3,Thai Green Curry
M128,751,1637.18,3324,22.6,Cappuccino
M035,826,8367.380000000001,3878,21.3,Grilled Kebab Platter
M116,822,2301.6,3904,21.1,Fruit Tart
M066,881,5092.18,4287,20.6,Pulled Pork Sandwich
M043,868,11058.32,4277,20.3,Beef Short Ribs
M137,855,1829.7,4203,20.3,Mashed Potatoes
M047,851,4306.0599999999995,4223,20.2,Pepperoni Pizza
M069,878,4135.38,4418,19.9,Fish Burger
M061,920,3956.0,4789,19.2,Classic Beef Burger
M004,939,4112.82,4928,19.1,Calamari Rings
M031,963,9109.980000000001,5186,18.6,Smoked Brisket
M131,1003,2427.2599999999998,5415,18.5,Coca-Cola
M003,968,3097.6000000000004,5333,18.2,Soup of the Day
M123,1000,2570.0,5597,17.9,Mango Smoothie
M073,1022,4926.04,5771,17.7,BBQ Bacon Burger
M081,1054,6492.64,6132,17.2,Prawn Biryani
M052,1098,7126.02,6606,16.6,Spaghetti Bolognese
M119,1121,3363.0,6890,16.3,Carrot Cake
M078,1100,8877.0,6779,16.2,Veg Biryani
M024,1122,8863.800000000001,7108,15.8,Roast Chicken
M008,1195,3489.4,7811,15.3,Bruschetta
M006,1213,5082.47,8049,15.1,Spring Rolls
M064,1295,6371.4,8738,14.8,Double Bacon Burger
M037,1287,13050.18,8776,14.7,BBQ Pulled Pork
M041,1308,16179.96,9107,14.4,Chicken Tikka Skewers
M138,1313,4359.16,9109,14.4,Steamed Vegetables
M125,1278,2274.84,8991,14.2,Masala Chai
M130,1358,2675.2599999999998,9795,13.9,Green Tea
M095,1355,9119.150000000001,9894,13.7,Lobster Thermidor
M001,1437,3894.27,10518,13.7,Truffle Fries
M109,1387,4091.65,10179,13.6,Tiramisu
M107,1444,7884.24,10646,13.6,New York Cheesecake
M110,1464,5109.360000000001,10759,13.6,Chocolate Brownie
M115,1411,2948.99,10450,13.5,Panna Cotta
M022,1451,13624.890000000001,10844,13.4,Lamb Rogan Josh
M100,1427,12800.19,10729,13.3,Prawn Curry
M092,1431,12678.66,10867,13.2,Fish and Chips
M063,1437,11840.880000000001,10893,13.2,Crispy Chicken Burger
M034,1510,17349.9,11729,12.9,Lamb Chops
M084,1575,9497.25,12259,12.8,Beef Pulao
M005,1561,4995.2,12229,12.8,Chicken Wings
M050,1500,6195.0,11795,12.7,BBQ Chicken Pizza
M143,1561,2044.91,12272,12.7,Cheese Dip
M017,1637,12637.64,12874,12.7,Butter Chicken
M028,1624,16126.32,12843,12.6,Chicken Parmesan
M127,1531,3643.7799999999997,12165,12.6,Sparkling Water
M055,1543,11726.8,12340,12.5,Meat Feast Pizza
M057,1588,13815.599999999999,12655,12.5,Mushroom Pizza
M068,1584,10660.320000000002,12749,12.4,Grilled Chicken Wrap
M093,1801,12787.1,14804,12.2,Butter Garlic Shrimp
M046,1674,8353.26,13726,12.2,Margherita Pizza
M019,1720,10234.0,14257,12.1,Mushroom Risotto
M121,1625,4013.7500000000005,13561,12.0,Fresh Lemonade
M090,1684,10221.880000000001,13988,12.0,Steamed Basmati
M032,1714,10489.68,14407,11.9,BBQ Ribs Full Rack
M010,1725,5382.0,14590,11.8,Stuffed Mushrooms
M136,1828,7677.6,15483,11.8,French Fries
M080,2037,15481.199999999999,17601,11.6,Chicken Fried Rice
M134,1869,3906.2099999999996,16155,11.6,Berry Smoothie
M145,1894,3295.56,16274,11.6,Rice Bowl
M014,1879,5279.99,16190,11.6,Caesar Salad
M075,1864,18453.600000000002,16004,11.6,Halloumi Burger
M148,1919,5603.48,16754,11.5,Extra Cheese
M089,2007,10496.61,17474,11.5,Hyderabadi Biryani
M120,1953,6034.7699999999995,17034,11.5,Red Velvet Slice
M062,1918,16015.3,16796,11.4,Cheeseburger Deluxe
M077,2062,10495.58,18103,11.4,Mutton Biryani
M083,1937,11002.16,17017,11.4,Mushroom Rice
M147,2069,3806.96,18081,11.4,Grilled Corn
M051,1988,15128.68,17584,11.3,Veggie Supreme Pizza
M036,2148,19138.68,19076,11.3,Tandoori Chicken
M011,2040,5161.2,18019,11.3,Cheese Sticks
M038,2048,35921.92,18134,11.3,Grilled Lamb Skewers
M013,2076,6539.4,18297,11.3,Prawn Tempura
M002,2033,3598.41,18112,11.2,Loaded Nachos
M079,2152,11405.6,19171,11.2,Egg Fried Rice
M021,2212,28357.84,19755,11.2,Chicken Alfredo
M129,2231,4484.3099999999995,20106,11.1,Strawberry Milkshake
M146,2175,4980.75,19612,11.1,Pita Bread
M105,2215,23611.9,20003,11.1,Shrimp Scampi
M142,2420,4041.3999999999996,21896,11.1,Buttered Corn
M056,2180,11575.8,19652,11.1,Hawaiian Pizza
M091,2272,15631.36,20627,11.0,Grilled Prawns
M020,2324,26865.440000000002,21055,11.0,Beef Stroganoff
M072,2327,21501.48,21241,11.0,Philly Cheesesteak
M054,2143,14893.85,19460,11.0,Lasagne al Forno
M150,2258,11651.28,20463,11.0,Pickle Plate
M139,2243,6235.54,20532,10.9,Coleslaw
M042,2485,20153.35,22998,10.8,Grilled Veg Platter
M112,2427,11237.01,22456,10.8,Apple Pie
M108,2414,10476.76,22513,10.7,Gelato Trio
M126,2392,4186.0,22304,10.7,Fresh Orange Juice
M048,2568,24575.760000000002,23965,10.7,Truffle Carbonara
M117,2592,13400.64,24294,10.7,Ice Cream Sundae
M097,2476,27211.24,23188,10.7,Grilled Octopus
M106,2850,17071.5,26528,10.7,Molten Lava Cake
M149,2546,8223.58,23702,10.7,Dinner Roll
M122,2826,2599.92,26703,10.6,Craft Cold Brew
M086,2532,11495.28,23997,10.6,Schezwan Fried Rice
M053,2465,13187.75,23150,10.6,Penne Arrabbiata
M027,2730,27354.6,25960,10.5,Vegetable Korma
M096,2662,43550.32,25321,10.5,Fried Calamari
M065,2813,18875.23,26731,10.5,Veggie Burger
M040,2848,25831.36,27405,10.4,Smoked Sausage Plate
M026,2992,35126.08,28692,10.4,Duck Confit
M104,2672,17528.32,25622,10.4,Fish Tacos
M088,3026,20728.1,28966,10.4,Lemon Rice
M113,2777,12885.279999999999,26773,10.4,Sticky Toffee Pudding
M114,2814,13816.74,27096,10.4,Banoffee Pie
M076,2904,16494.719999999998,27976,10.4,Chicken Biryani
M132,2925,3305.25,28416,10.3,Virgin Mojito
M098,2798,28707.48,27189,10.3,Seafood Platter
M030,3103,32053.989999999998,30078,10.3,Paneer Tikka Masala
M102,3085,23908.75,29834,10.3,Mussels Marinara
M060,2774,14729.939999999999,27067,10.2,Pesto Pasta
M071,2773,12700.34,27121,10.2,Falafel Wrap
M049,3159,29125.98,30985,10.2,Four Cheese Pasta
M039,3430,44761.5,33840,10.1,Char-Grilled Steak
M009,3627,23321.61,36038,10.1,Hummus Platter
M135,3184,3184.0,31458,10.1,Salted Caramel Frappe
M059,2935,16465.35,28983,10.1,Mac and Cheese
M018,3500,16730.0,34944,10.0,Grilled Salmon
M029,3927,38759.49,39224,10.0,Pan-Seared Steak
M025,3235,35843.8,32260,10.0,Beef Wellington
M044,3422,47052.5,34261,10.0,Spicy Buffalo Wings
M058,3927,31847.969999999998,39346,10.0,Seafood Linguine
M124,3698,11204.94,37064,10.0,Iced Latte
M141,3933,8495.28,39897,9.9,Garlic Naan
M070,3617,26006.23,36688,9.9,Steak Sandwich
M103,4349,21223.12,43759,9.9,Tuna Steak
M118,4041,22629.6,41028,9.8,Baklava
M140,4293,12535.56,44118,9.7,Side Salad
M067,4350,31972.5,45339,9.6,Club Sandwich
