item_id,price,effective_date
M001,6.99,2025-09-25
M001,6.79,2026-05-16
M001,6.59,2026-06-11
M002,5.48,2025-09-25
M002,5.2,2025-12-02
M002,4.98,2025-12-11
M002,4.72,2026-03-23
M002,4.41,2026-04-10
M003,6.69,2025-09-25
M003,7.18,2025-11-30
M003,7.05,2026-04-23
M003,7.38,2026-05-11
M004,6.29,2025-09-25
M004,6.93,2025-11-17
M004,7.25,2026-01-07
M004,8.0,2026-08-18
M004,7.73,2026-09-05
M005,6.61,2025-09-25
M005,6.66,2025-11-06
M005,6.64,2026-06-11
M006,10.22,2025-09-25
M006,10.79,2026-01-13
M006,11.18,2026-04-01
M007,5.97,2025-09-25
M007,6.1,2026-06-17
M007,5.99,2026-06-30
M008,6.36,2025-09-25
M008,6.35,2026-06-20
M008,7.11,2026-08-05
M009,10.11,2025-09-25
M009,10.67,2025-12-29
M009,11.28,2026-05-21
M009,12.33,2026-07-13
M009,12.73,2026-08-13
M010,10.26,2025-09-25
M010,9.67,2025-12-27
M010,9.84,2026-01-20
M010,9.69,2026-09-01
M011,5.4,2025-09-25
M011,5.43,2025-10-20
M011,5.31,2026-05-29
M011,5.6,2026-09-17
M012,7.63,2025-09-25
M012,7.16,2025-11-10
M012,6.73,2026-03-10
M013,6.81,2025-09-25
M013,6.73,2025-10-28
M013,6.99,2025-11-07
M013,7.73,2026-03-25
M013,8.68,2026-09-13
M014,5.45,2025-09-25
M014,5.26,2026-08-22
M014,5.59,2026-09-11
M015,10.22,2025-09-25
M015,9.9,2026-03-19
M015,9.95,2026-08-25
M016,21.96,2025-09-25
M016,22.67,2026-03-06
M016,25.51,2026-04-12
M016,27.44,2026-09-03
M017,24.36,2025-09-25
M017,23.17,2025-11-23
M017,22.04,2026-06-22
M018,14.11,2025-09-25
M018,13.86,2026-07-10
M018,13.33,2026-09-02
M018,14.12,2026-09-17
M019,15.71,2025-09-25
M019,14.78,2026-02-10
M019,14.79,2026-03-31
M020,17.03,2025-09-25
M020,18.3,2025-12-06
M020,17.1,2026-02-27
M020,17.91,2026-05-21
M021,29.14,2025-09-25
M021,28.16,2025-12-09
M021,26.26,2025-12-31
M021,28.07,2026-03-28
M021,30.52,2026-06-30
M022,20.1,2025-09-25
M022,21.01,2025-11-10
M022,20.76,2026-02-04
M022,20.55,2026-07-11
M023,21.16,2025-09-25
M023,21.84,2026-03-21
M023,24.36,2026-04-12
M024,19.12,2025-09-25
M024,20.81,2026-03-12
M024,21.23,2026-03-29
M024,21.53,2026-06-17
M025,20.29,2025-09-25
M025,21.53,2025-12-12
M025,24.24,2025-12-14
M025,24.85,2026-03-08
M025,24.98,2026-06-08
M026,18.88,2025-09-25
M026,18.82,2025-10-17
M026,18.14,2026-05-22
M026,17.29,2026-06-18
M026,18.04,2026-07-05
M027,16.5,2025-09-25
M027,17.45,2026-03-12
M027,17.29,2026-05-27
M028,28.82,2025-09-25
M028,28.61,2026-02-11
M028,28.76,2026-03-09
M029,20.7,2025-09-25
M029,20.95,2025-11-26
M029,21.07,2026-02-18
M029,23.73,2026-07-12
M030,28.62,2025-09-25
M030,31.73,2025-11-22
M030,32.42,2025-12-08
M031,27.92,2025-09-25
M031,27.92,2025-11-19
M031,27.89,2026-03-29
M031,29.18,2026-07-16
M031,27.69,2026-08-18
M032,18.35,2025-09-25
M032,20.03,2025-10-24
M032,20.22,2026-03-20
M032,21.08,2026-04-07
M032,22.77,2026-06-20
M033,28.41,2025-09-25
M033,29.08,2025-11-17
M033,31.79,2026-05-08
M034,28.55,2025-09-25
M034,30.83,2025-12-15
M034,32.27,2026-02-01
M035,22.25,2025-09-25
M035,23.65,2025-12-19
M035,22.69,2026-04-22
M035,21.54,2026-05-01
M035,20.45,2026-06-07
M036,25.36,2025-09-25
M036,23.6,2025-10-23
M036,26.38,2026-02-13
M036,27.48,2026-06-20
M036,30.82,2026-07-28
M037,25.28,2025-09-25
M037,25.02,2025-10-17
M037,26.13,2025-11-06
M037,24.47,2026-01-01
M038,29.23,2025-09-25
M038,29.54,2026-01-22
M038,30.42,2026-02-23
M038,33.72,2026-05-15
M039,24.37,2025-09-25
M039,24.83,2025-11-18
M039,26.2,2025-11-27
M039,26.77,2025-12-04
M039,25.76,2026-09-04
M040,17.55,2025-09-25
M040,19.09,2026-01-22
M040,18.45,2026-01-23
M040,18.89,2026-03-19
M040,20.85,2026-06-03
M041,25.73,2025-09-25
M041,25.03,2026-04-07
M041,25.33,2026-08-01
M042,23.21,2025-09-25
M042,23.75,2025-11-15
M042,23.59,2026-05-16
M042,23.23,2026-07-27
M043,29.18,2025-09-25
M043,32.43,2025-12-21
M043,30.34,2026-02-22
M043,30.77,2026-08-08
M044,27.96,2025-09-25
M044,30.02,2026-04-13
M044,32.68,2026-06-04
M044,35.93,2026-06-24
M044,33.68,2026-08-28
M045,17.15,2025-09-25
M045,17.11,2025-11-01
M045,17.12,2025-11-22
M045,15.95,2026-03-06
M045,17.13,2026-09-02
M046,14.61,2025-09-25
M046,13.94,2026-03-01
M046,13.11,2026-05-09
M047,13.91,2025-09-25
M047,15.27,2026-04-17
M047,15.56,2026-05-02
M047,15.34,2026-06-11
M048,14.83,2025-09-25
M048,15.37,2025-11-06
M048,14.59,2026-03-20
M048,15.32,2026-09-07
M049,17.05,2025-09-25
M049,16.24,2026-01-25
M049,16.39,2026-01-26
M049,16.33,2026-03-15
M049,15.94,2026-08-28
M050,12.32,2025-09-25
M050,13.6,2025-11-10
M050,12.82,2025-12-07
M050,13.13,2026-07-11
M051,19.21,2025-09-25
M051,20.98,2026-05-21
M051,21.61,2026-05-31
M051,20.29,2026-06-12
M052,12.42,2025-09-25
M052,13.07,2025-11-18
M052,13.75,2026-09-11
M053,17.6,2025-09-25
M053,18.28,2025-11-21
M053,17.21,2025-11-23
M053,16.12,2025-12-05
M054,16.35,2025-09-25
M054,17.78,2025-11-15
M054,17.08,2026-01-09
M054,18.96,2026-01-13
M054,18.17,2026-08-15
M055,17.13,2025-09-25
M055,16.16,2025-10-16
M055,17.46,2026-01-20
M055,17.97,2026-05-04
M055,19.45,2026-09-13
M056,14.87,2025-09-25
M056,16.25,2026-01-14
M056,15.58,2026-05-02
M056,14.49,2026-08-22
M057,15.98,2025-09-25
M057,17.74,2025-11-13
M057,17.02,2025-11-20
M057,17.19,2025-12-03
M058,16.87,2025-09-25
M058,19.01,2025-12-18
M058,21.4,2026-07-16
M058,21.45,2026-08-17
M059,15.23,2025-09-25
M059,16.46,2026-04-22
M059,16.82,2026-08-21
M060,17.58,2025-09-25
M060,18.32,2025-10-23
M060,19.98,2026-02-01
M060,20.45,2026-02-03
M060,21.82,2026-07-12
M061,10.71,2025-09-25
M061,11.54,2025-11-24
M061,11.22,2025-12-20
M061,12.48,2026-09-12
M062,15.66,2025-09-25
M062,17.4,2025-11-10
M062,16.86,2026-06-29
M063,14.01,2025-09-25
M063,13.23,2026-07-04
M063,14.51,2026-08-12
M063,16.23,2026-08-16
M064,9.79,2025-09-25
M064,10.41,2025-11-08
M064,10.68,2025-11-18
M064,10.18,2026-01-04
M064,9.55,2026-09-11
M065,15.35,2025-09-25
M065,15.99,2026-03-23
M065,15.16,2026-04-13
M065,16.14,2026-04-18
M065,18.06,2026-08-25
M066,11.24,2025-09-25
M066,11.38,2025-12-20
M066,12.1,2026-02-16
M067,14.75,2025-09-25
M067,16.42,2026-03-20
M067,16.55,2026-05-08
M068,13.11,2025-09-25
M068,14.55,2025-12-24
M068,14.98,2026-02-14
M069,10.78,2025-09-25
M069,10.15,2025-11-28
M069,11.43,2026-02-09
M069,12.11,2026-05-15
M070,14.78,2025-09-25
M070,14.24,2026-01-20
M070,15.81,2026-03-07
M070,16.65,2026-04-22
M070,17.32,2026-04-30
M071,11.95,2025-09-25
M071,12.76,2025-11-19
M071,13.13,2025-12-31
M071,13.89,2026-03-01
M071,14.03,2026-08-24
M072,13.31,2025-09-25
M072,13.58,2026-02-11
M072,13.41,2026-04-21
M073,13.65,2025-09-25
M073,12.76,2026-02-22
M073,13.63,2026-05-14
M073,13.76,2026-05-21
M073,14.64,2026-08-20
M074,9.2,2025-09-25
M074,10.12,2025-10-18
M074,10.66,2026-01-14
M074,11.95,2026-07-14
M074,13.44,2026-07-15
M075,14.01,2025-09-25
M075,15.28,2025-12-04
M075,16.83,2026-09-03
M076,11.57,2025-09-25
M076,11.34,2026-04-20
M076,10.56,2026-05-07
M076,11.33,2026-06-20
M077,10.9,2025-09-25
M077,11.21,2025-12-13
M077,10.61,2026-07-26
M078,11.37,2025-09-25
M078,10.75,2025-11-29
M078,12.04,2026-07-26
M078,12.97,2026-08-22
M079,16.3,2025-09-25
M079,18.12,2025-12-05
M079,17.2,2026-01-02
M079,19.23,2026-08-13
M080,19.11,2025-09-25
M080,20.49,2026-01-26
M080,21.45,2026-02-20
M080,20.67,2026-07-09
M081,19.14,2025-09-25
M081,19.84,2026-02-06
M081,20.19,2026-07-08
M081,22.47,2026-08-29
M082,17.88,2025-09-25
M082,18.71,2026-05-29
M082,17.7,2026-09-14
M083,17.48,2025-09-25
M083,17.67,2025-11-26
M083,17.45,2026-02-07
M084,11.49,2025-09-25
M084,12.8,2026-02-02
M084,12.08,2026-03-24
M084,12.12,2026-09-02
M085,13.47,2025-09-25
M085,13.42,2025-11-08
M085,13.99,2026-08-09
M086,11.76,2025-09-25
M086,11.48,2026-03-23
M086,11.08,2026-06-19
M087,10.28,2025-09-25
M087,9.9,2025-12-22
M087,9.87,2026-07-15
M087,10.68,2026-07-20
M087,10.05,2026-08-10
M088,13.41,2025-09-25
M088,14.71,2025-11-13
M088,15.69,2025-11-28
M088,16.75,2026-08-29
M089,13.22,2025-09-25
M089,14.48,2026-01-31
M089,13.91,2026-05-31
M089,14.12,2026-06-02
M090,15.5,2025-09-25
M090,16.34,2025-12-10
M090,15.78,2026-09-18
M091,16.82,2025-09-25
M091,16.63,2025-12-17
M091,16.3,2026-03-11
M092,25.33,2025-09-25
M092,27.42,2025-12-30
M092,29.74,2026-02-22
M092,29.06,2026-06-28
M092,31.58,2026-08-21
M093,18.65,2025-09-25
M093,20.64,2025-12-19
M093,20.53,2026-06-28
M093,21.96,2026-06-29
M093,22.45,2026-09-19
M094,26.07,2025-09-25
M094,25.96,2025-12-11
M094,27.31,2026-02-04
M094,29.73,2026-02-28
M094,27.99,2026-08-13
M095,17.0,2025-09-25
M095,15.86,2025-11-15
M095,17.51,2025-12-10
M095,17.68,2026-01-21
M095,19.92,2026-06-27
M096,23.32,2025-09-25
M096,23.93,2025-11-10
M096,24.37,2026-06-23
M097,26.75,2025-09-25
M097,27.3,2026-03-02
M097,27.53,2026-06-29
M097,30.53,2026-07-11
M098,29.84,2025-09-25
M098,33.39,2026-02-24
M098,35.34,2026-03-29
M098,34.65,2026-06-26
M098,32.32,2026-07-11
M099,26.77,2025-09-25
M099,29.02,2026-04-16
M099,27.44,2026-04-19
M099,30.52,2026-05-18
M099,33.59,2026-05-24
M100,16.59,2025-09-25
M100,17.11,2026-02-09
M100,19.3,2026-05-14
M100,18.58,2026-08-01
M101,26.87,2025-09-25
M101,26.49,2025-10-28
M101,27.34,2025-11-04
M102,23.96,2025-09-25
M102,24.71,2025-12-01
M102,25.65,2025-12-05
M102,27.78,2026-03-22
M102,29.06,2026-08-11
M103,15.32,2025-09-25
M103,14.54,2025-11-19
M103,13.89,2026-04-27
M103,13.85,2026-06-09
M103,13.86,2026-06-15
M104,19.55,2025-09-25
M104,22.09,2025-10-16
M104,24.37,2025-10-30
M104,24.78,2026-06-04
M104,24.05,2026-08-06
M105,28.57,2025-09-25
M105,29.01,2025-12-06
M105,30.33,2026-02-01
M106,9.72,2025-09-25
M106,9.55,2026-04-04
M106,9.91,2026-05-13
M107,7.86,2025-09-25
M107,8.22,2026-01-04
M107,7.76,2026-02-10
M108,8.55,2025-09-25
M108,8.68,2025-10-28
M108,8.48,2026-06-02
M108,9.3,2026-08-31
M109,6.36,2025-09-25
M109,6.2,2026-01-14
M109,6.14,2026-04-17
M109,6.92,2026-06-19
M109,7.33,2026-08-11
M110,6.97,2025-09-25
M110,7.21,2026-03-08
M110,7.67,2026-04-12
M110,7.65,2026-06-03
M111,7.32,2025-09-25
M111,6.97,2025-12-08
M111,6.69,2026-02-27
M112,8.89,2025-09-25
M112,8.98,2026-01-18
M112,9.76,2026-03-12
M112,9.81,2026-04-23
M112,10.01,2026-05-02
M113,9.72,2025-09-25
M113,10.04,2026-06-11
M113,10.9,2026-08-12
M114,9.0,2025-09-25
M114,9.19,2025-10-28
M114,9.35,2026-06-16
M114,10.29,2026-07-16
M114,10.16,2026-08-07
M115,5.21,2025-09-25
M115,5.11,2026-05-23
M115,4.85,2026-06-19
M115,5.29,2026-08-01
M116,5.82,2025-09-25
M116,6.31,2025-11-22
M116,6.94,2026-05-19
M116,6.64,2026-05-21
M116,7.45,2026-09-11
M117,9.46,2025-09-25
M117,9.95,2025-12-16
M117,11.0,2025-12-21
M117,12.21,2025-12-22
M117,13.57,2026-07-24
M118,8.82,2025-09-25
M118,8.25,2025-12-08
M118,9.28,2026-05-28
M118,10.08,2026-08-16
M119,6.25,2025-09-25
M119,6.73,2025-12-14
M119,7.49,2026-07-16
M119,8.22,2026-08-01
M120,7.45,2025-09-25
M120,8.1,2025-11-25
M120,8.82,2026-01-11
M120,8.53,2026-01-23
M120,9.38,2026-07-10
M121,5.6,2025-09-25
M121,5.4,2026-03-25
M121,5.73,2026-07-21
M122,3.01,2025-09-25
M122,2.86,2026-01-02
M122,2.89,2026-03-24
M123,5.41,2025-09-25
M123,5.45,2025-11-26
M123,5.62,2026-04-22
M123,5.51,2026-08-18
M124,5.78,2025-09-25
M124,5.65,2026-02-01
M124,5.68,2026-05-14
M124,5.88,2026-07-22
M124,6.09,2026-07-29
M125,5.87,2025-09-25
M125,5.51,2025-12-18
M125,5.29,2025-12-28
M125,5.82,2026-02-09
M125,5.83,2026-04-11
M126,3.57,2025-09-25
M126,3.5,2026-01-11
M126,3.66,2026-03-08
M126,3.98,2026-03-16
M127,5.66,2025-09-25
M127,5.32,2025-11-26
M127,5.0,2026-04-16
M128,3.97,2025-09-25
M128,4.0,2025-10-19
M128,4.1,2026-04-14
M128,3.92,2026-05-10
M128,4.37,2026-05-18
M129,5.02,2025-09-25
M129,4.77,2025-11-28
M129,5.24,2026-01-27
M129,4.9,2026-07-27
M130,5.13,2025-09-25
M130,4.91,2026-01-08
M130,5.47,2026-05-05
M131,4.93,2025-09-25
M131,5.09,2026-01-01
M131,5.04,2026-01-06
M131,5.58,2026-03-09
M132,3.14,2025-09-25
M132,2.99,2026-01-25
M132,3.03,2026-03-01
M133,4.07,2025-09-25
M133,4.57,2026-01-12
M133,5.05,2026-02-07
M134,5.61,2025-09-25
M134,5.63,2026-04-14
M134,6.17,2026-06-25
M134,6.3,2026-08-05
M135,3.25,2025-09-25
M135,3.17,2025-12-07
M135,3.25,2026-02-03
M135,3.6,2026-06-04
M136,7.78,2025-09-25
M136,8.58,2025-10-23
M136,9.07,2026-05-02
M136,9.71,2026-09-17
M137,4.27,2025-09-25
M137,4.8,2026-04-21
M137,4.54,2026-09-09
M138,7.03,2025-09-25
M138,7.03,2026-01-29
M138,7.53,2026-02-18
M138,8.49,2026-08-01
M139,5.23,2025-09-25
M139,4.9,2025-12-01
M139,5.06,2026-04-18
M139,5.04,2026-05-10
M140,5.69,2025-09-25
M140,5.65,2025-11-07
M140,6.16,2025-11-14
M140,5.77,2026-01-04
M141,6.99,2025-09-25
M141,7.6,2026-04-04
M141,7.28,2026-04-18
M141,7.83,2026-05-19
M141,7.62,2026-08-21
M142,3.8,2025-09-25
M142,3.96,2025-11-09
M142,3.98,2026-02-16
M142,3.73,2026-02-19
M142,3.78,2026-08-27
M143,3.13,2025-09-25
M143,2.92,2026-01-01
M143,3.01,2026-01-08
M143,2.8,2026-06-23
M143,3.07,2026-07-08
M144,5.66,2025-09-25
M144,6.18,2026-05-28
M144,6.39,2026-08-25
M145,3.68,2025-09-25
M145,3.85,2025-11-09
M145,3.66,2026-02-06
M145,3.79,2026-07-12
M146,7.08,2025-09-25
M146,6.91,2026-05-02
M146,6.71,2026-08-30
M146,6.57,2026-09-02
M147,5.93,2025-09-25
M147,6.37,2025-12-13
M147,6.0,2026-06-19
M148,7.43,2025-09-25
M148,7.68,2026-01-08
M148,7.41,2026-01-21
M149,6.29,2025-09-25
M149,6.25,2026-05-07
M149,6.08,2026-07-03
M149,5.99,2026-08-01
M149,6.6,2026-09-18
M150,7.25,2025-09-25
M150,7.42,2025-10-21
M150,7.55,2026-03-07
M150,7.93,2026-06-21
