customer_id,recency,frequency,monetary,churn_prob,risk_band
U018625,284,1,125.69,0.6963086830564515,High
U029968,87,1,107.79,0.6959698143970843,High
U014019,270,1,87.81,0.6955913176481078,High
U005379,354,1,87.2,0.695579757831384,High
U012775,266,1,86.46,0.6955657337878288,High
U041185,65,1,406.33,0.6955513990043103,High
U019135,165,1,84.21,0.6955230916239298,High
U023220,344,1,244.29,0.6955186718511287,High
U007069,247,1,77.88,0.6954031072007941,High
U025657,171,1,71.77,0.6952872675221059,High
U003197,79,1,65.88,0.695175575270446,High
U035154,20,1,64.64,0.695152057953998,High
U006237,120,1,62.42,0.6951099524026253,High
U048012,102,1,49.38,0.6948625626643803,High
U010114,187,1,49.26,0.6948602858655293,High
U009352,81,1,47.17,0.6948206246470935,High
U017664,347,1,198.34,0.6946470827875919,High
U005928,13,1,37.91,0.6946448657396413,High
U012029,339,1,34.81,0.6945860135819347,High
U000195,93,1,33.84,0.6945675974405396,High
U003524,132,1,32.68,0.6945455730126914,High
U028197,279,1,30.83,0.6945104460781167,High
U016005,169,1,30.81,0.6945100663669284,High
U010234,255,1,29.7,0.6944889889311432,High
U042296,285,1,28.16,0.694459745323856,High
U030751,29,1,27.98,0.6944563271602033,High
U011990,67,1,26.77,0.6944333486097507,High
U044785,293,1,26.77,0.6944333486097507,High
U009270,129,1,25.64,0.6944118886481969,High
U015575,325,1,21.96,0.6943419951285141,High
U011963,218,1,181.01,0.6943180012464805,High
U047314,174,1,20.07,0.6943060951628443,High
U009526,59,1,19.92,0.6943032458200806,High
U000085,139,1,18.75,0.6942810207851163,High
U001982,137,1,16.95,0.6942468265572871,High
U015768,145,1,14.56,0.6942014210692451,High
U036343,249,1,12.72,0.6941664619600064,High
U035104,68,1,12.33,0.6941590518971967,High
U001593,163,1,9.55,0.694106228229781,High
U047792,299,1,7.14,0.694060430985053,High
U025152,341,1,7.14,0.694060430985053,High
U036470,85,1,6.06,0.6940399064690436,High
U049417,343,1,3.68,0.6939946738044694,High
U002833,270,1,154.4,0.6938123142026714,High
U039312,14,1,150.82,0.6937442439412072,High
U013829,190,1,150.73,0.6937425339338819,High
U010845,51,1,145.53,0.6936436474491028,High
U006972,28,1,137.4,0.6934890076209691,High
U019977,325,1,131.01,0.6933674330646872,High
U014743,316,1,127.29,0.6932966441885465,High
U024268,117,1,125.89,0.6932700013045096,High
U025758,129,1,114.62,0.6930554773026998,High
U027984,103,1,114.44,0.6930520503728291,High
U009348,286,1,111.8,0.6930017857033899,High
U019516,280,1,111.42,0.6929945508292473,High
U017363,198,1,108.14,0.6929320935266005,High
U051890,103,1,106.68,0.6929042900919444,High
U044766,258,1,106.47,0.6929002907626745,High
U001947,184,1,106.08,0.6928928634848169,High
U027809,131,1,103.65,0.692846584048314,High
U008436,267,1,103.38,0.6928414421346968,High
U040619,141,1,101.55,0.6928065861414101,High
U047892,319,1,100.86,0.6927934436764507,High
U012159,53,1,100.85,0.6927932534443723,High
U031884,250,1,100.66,0.6927896337770378,High
U035558,344,1,100.11,0.6927791577294314,High
U039453,206,1,97.86,0.6927362976701201,High
U000774,166,1,96.12,0.692703150031447,High
U012824,193,1,95.74,0.6926959112403409,High
U021917,290,1,95.62,0.6926936245502746,High
U016129,77,1,93.27,0.6926488532879798,High
U010133,349,1,92.91,0.6926419934794672,High
U050489,188,1,92.25,0.6926294188373897,High
U014415,90,1,91.73,0.6926195106265921,High
U026110,185,1,90.43,0.6925947406342158,High
U000415,24,1,89.04,0.6925682541241772,High
U004077,322,1,88.65,0.6925608223790096,High
U032630,156,1,88.22,0.6925526283999021,High
U036899,20,1,87.28,0.69253471576097,High
U001199,253,1,87.23,0.6925337624051034,High
U000041,327,1,86.94,0.6925282360573873,High
U030547,52,1,85.92,0.6925087982404351,High
U038599,260,1,85.62,0.6925030804365542,High
U036497,29,1,84.39,0.692479639359343,High
U036986,20,1,84.35,0.6924788771236616,High
U032813,251,1,84.2,0.6924760185118197,High
U038352,166,1,83.68,0.6924661075516928,High
U049503,31,1,83.67,0.6924659172068954,High
U016882,170,1,82.69,0.6924472386054301,High
U009206,285,1,81.37,0.6924220793010317,High
U048266,155,1,81.11,0.6924171237974648,High
U045971,64,1,80.62,0.6924077837519906,High
U035594,250,1,79.49,0.6923862449874033,High
U025833,11,1,79.48,0.6923860537402644,High
U025571,299,1,78.69,0.6923709948764369,High
U006867,245,1,78.66,0.6923704228688051,High
U035781,236,1,238.71,0.6923654046859795,High
U038469,147,1,77.68,0.6923517419190783,High
U001657,113,1,76.64,0.6923319162447983,High
U039580,175,1,75.82,0.6923162838448869,High
U017695,52,1,73.16,0.6922655704859082,High
U008290,200,1,71.3,0.6922301068949326,High
U006095,176,1,70.03,0.6922058916458642,High
U002597,229,1,69.64,0.6921984550341574,High
U044761,85,1,67.7,0.6921614618037601,High
U023303,159,1,227.83,0.692157967085987,High
U039023,79,1,66.58,0.6921401030414139,High
U009936,219,1,66.52,0.6921389594239692,High
U020996,321,1,66.24,0.6921336195938121,High
U008562,333,1,224.6,0.6920963684431948,High
U008293,115,1,63.52,0.6920817453450788,High
U011010,279,1,63.27,0.6920769772752345,High
U000924,178,1,62.53,0.6920628637408917,High
U031603,257,1,61.51,0.692043409148848,High
U047837,104,1,60.9,0.6920317738148334,High
U042352,203,1,60.83,0.6920304386041402,High
U003860,364,1,60.58,0.6920256700933586,High
U019355,2,1,60.22,0.6920188034358836,High
U022027,320,1,220.12,0.692010921931855,High
U043176,79,1,59.56,0.6920062141972696,High
U035884,276,1,58.86,0.6919928617685696,High
U012032,157,1,58.66,0.6919890467924787,High
U050037,232,1,218.34,0.6919769679083441,High
U050130,310,1,55.15,0.6919220879651333,High
U027659,15,1,215.24,0.6919178287318031,High
U036163,221,1,54.5,0.6919096875069652,High
U048441,300,1,53.96,0.6918993853369007,High
U000644,279,1,53.91,0.6918984313253057,High
U047783,213,1,53.01,0.691881260587737,High
U033697,89,1,52.95,0.6918801155611375,High
U045296,84,1,52.51,0.6918717209624439,High
U017670,334,1,52.44,0.6918703853668029,High
U038925,222,1,50.85,0.6918400482142345,High
U000660,295,1,210.55,0.6918283467790962,High
U039855,26,1,49.75,0.6918190590904162,High
U004108,306,1,49.57,0.6918156244947358,High
U022393,190,1,48.51,0.6917953980632024,High
U015285,69,1,208.42,0.6917877035282355,High
U031162,222,1,47.48,0.691775743079428,High
U031061,354,1,46.53,0.6917576142970943,High
U028195,165,1,45.94,0.6917463550346711,High
U044498,0,1,45.68,0.6917413930530163,High
U026345,183,1,204.67,0.6917161403004335,High
U001147,142,1,43.93,0.6917079952446559,High
U044045,97,1,43.48,0.6916994070002054,High
U035194,295,1,43.02,0.6916906275741563,High
U010224,211,1,42.96,0.6916894825927974,High
U030057,85,1,42.55,0.6916816573954573,High
U049492,56,1,42.2,0.6916749771016114,High
U010079,293,1,41.76,0.6916665794046802,High
U045520,155,1,201.55,0.6916565921153264,High
U006298,357,1,40.25,0.6916377579169283,High
U031755,88,1,39.2,0.6916177156514759,High
U050427,101,1,199.04,0.6916086833097385,High
U048336,65,1,38.19,0.6915984365494003,High
U041121,109,1,38.07,0.691596145766828,High
U046419,10,1,37.89,0.6915927097943225,High
U029194,135,1,37.08,0.6915772472175076,High
U043642,318,1,36.87,0.691573238736811,High
U035059,128,1,196.67,0.6915634413030887,High
U002655,15,1,36.02,0.6915570121162707,High
U024678,20,1,35.42,0.6915455581330009,High
U018417,168,1,35.41,0.6915453670341394,High
U046962,33,1,194.31,0.691518387165997,High
U042992,222,1,33.2,0.6915031750756778,High
U035063,259,1,32.73,0.6914942018756218,High
U022654,103,1,32.51,0.6914900016792275,High
U042603,111,1,32.21,0.6914842738088295,High
U030436,157,1,192.4,0.6914819215551701,High
U014273,310,1,31.76,0.6914756818928006,High
U049873,317,1,191.99,0.6914740921250957,High
U000982,246,1,30.97,0.6914605983222899,High
U036010,311,1,30.7,0.6914554428818572,High
U047118,236,1,30.48,0.6914512423932314,High
U043964,355,1,28.83,0.691419736623694,High
U024440,148,1,188.56,0.6914086000042554,High
U008587,291,1,28.01,0.6914040785351043,High
U012682,302,1,27.72,0.6913985409306802,High
U045880,2,1,27.71,0.6913983500004884,High
U046907,277,1,187.23,0.6913832028862472,High
U012095,38,1,26.12,0.6913679868857419,High
U016392,50,1,24.94,0.6913454523690163,High
U037011,92,1,24.77,0.6913422057995008,High
U017050,281,1,184.3,0.6913272474570222,High
U042757,152,1,183.9,0.691319609221687,High
U001541,142,1,181.77,0.6912789270630817,High
U024804,94,1,180.87,0.6912617380826186,High
U040913,253,1,180.66,0.6912577260170002,High
U038788,121,1,180.54,0.6912554351484254,High
U045883,10,1,20.16,0.6912541590998472,High
U003959,230,1,178.91,0.6912242991974626,High
U049666,250,1,178.5,0.6912164679024779,High
U014812,58,1,178.34,0.6912134120141524,High
U025164,37,1,14.05,0.6911374422535616,High
U011343,311,1,173.4,0.6911190405149508,High
U012068,185,1,172.91,0.6911096777594,High
U001183,104,1,12.5,0.6911078293849998,High
U014870,213,1,331.95,0.6910853504582933,High
U027457,61,1,169.53,0.6910450978830709,High
U026134,108,1,168.12,0.6910181557373916,High
U018623,8,1,166.41,0.6909854779845983,High
U041921,337,1,163.35,0.6909269987154613,High
U024081,82,1,162.84,0.6909172527455566,High
U031823,169,1,162.81,0.690916679241524,High
U021607,294,1,321.95,0.6908942541301859,High
U000297,341,1,160.37,0.6908700439746713,High
U051356,248,1,319.58,0.690848957673572,High
U013686,287,1,155.99,0.6907863183981454,High
U040474,160,1,154.95,0.6907664377785211,High
U012619,296,1,154.62,0.6907601292561963,High
U025623,67,1,153.22,0.690733363442325,High
U038447,193,1,151.89,0.6907079356116432,High
U008792,270,1,151.88,0.6907077437871824,High
U044894,282,1,151.7,0.6907043032208792,High
U016642,122,1,150.73,0.6906857572497997,High
U008139,38,1,150.22,0.6906760053233587,High
U000167,83,1,150.09,0.690673520233737,High
U004955,105,1,147.81,0.6906299238015011,High
U012790,90,1,141.29,0.6905052354791,High
U028546,255,1,140.34,0.6904870649648981,High
U046828,136,1,140.31,0.690486491020231,High
U045974,275,1,140.16,0.6904836212880865,High
U032938,303,1,135.66,0.6903975435699794,High
U024949,202,1,133.4,0.6903543095707078,High
U050383,249,1,130.77,0.690303990745142,High
U030048,241,1,130.16,0.6902923195419879,High
U050761,82,1,129.48,0.6902793095695965,High
U039381,19,1,129.38,0.6902773951248186,High
U028987,244,1,129.24,0.6902747162962708,High
U046832,204,1,128.56,0.6902617059162174,High
U016337,190,1,128.33,0.6902573044775822,High
U015822,173,1,128.18,0.6902544353301547,High
U014941,41,1,127.8,0.690247162893549,High
U011162,70,1,127.45,0.6902404663161134,High
U040134,249,1,125.76,0.6902081263007392,High
U032687,220,1,123.72,0.6901690869965958,High
U010709,92,1,123.33,0.6901616232011071,High
U004921,261,1,122.62,0.690148035033874,High
U033291,285,1,122.59,0.6901474616210315,High
U002356,338,1,121.86,0.6901334899483764,High
U040086,25,1,120.98,0.6901166471994027,High
U035352,287,1,119.25,0.6900835354238889,High
U040530,100,1,118.06,0.690060757999671,High
U030163,123,1,277.87,0.6900511256633738,High
U004190,314,1,117.33,0.6900467841732715,High
U015706,148,1,117.21,0.6900444874698586,High
U037706,125,1,115.88,0.6900190284179847,High
U003779,278,1,114.92,0.6900006509861808,High
U035499,11,1,275.05,0.6899971444818032,High
U040484,334,1,114.54,0.6899933761457604,High
U036140,22,1,114.15,0.6899859100187536,High
U020073,113,1,111.86,0.6899420689730478,High
U042190,33,1,111.58,0.6899367081081483,High
U025963,180,1,111.12,0.6899279009877008,High
U004247,347,1,110.31,0.6899123932457997,High
U034801,187,1,110.18,0.6899099038969302,High
U045114,191,1,110.1,0.689908372390047,High
U048350,303,1,109.55,0.6898978411902515,High
U051397,230,1,109.54,0.6898976499677134,High
U016372,300,1,109.03,0.6898878852291007,High
U048389,123,1,108.69,0.6898813747234557,High
U017059,305,1,107.71,0.6898626103299679,High
U050516,98,1,107.15,0.6898518870366176,High
U013488,88,1,267.27,0.6898481883665682,High
U000459,325,1,106.63,0.6898419302633763,High
U050554,47,1,106.35,0.6898365684454352,High
U036755,128,1,104.11,0.6897936729443715,High
U030136,111,1,264.11,0.6897876761413981,High
U041811,25,1,102.75,0.6897676278743852,High
U019466,2,1,100.5,0.6897245358460019,High
U042554,85,1,100.44,0.6897233863988731,High
U013912,101,1,99.9,0.6897130439064922,High
U046985,264,1,99.74,0.6897099798185816,High
U017479,18,1,99.73,0.6897097876532318,High
U045840,330,1,99.49,0.6897051914885903,High
U025265,186,1,98.83,0.6896925496449768,High
U031708,53,1,97.57,0.6896684155484555,High
U017163,140,1,97.32,0.6896636268656573,High
U039796,168,1,97.12,0.6896597955384967,High
U045154,117,1,96.65,0.6896507927843447,High
U016792,40,1,96.5,0.6896479196656383,High
U022371,59,1,96.02,0.6896387254116377,High
U001743,19,1,95.88,0.6896360435428397,High
U025414,338,1,256.08,0.6896338757136904,High
U007999,174,1,95.21,0.6896232088341782,High
U037714,299,1,254.97,0.6896126106621573,High
U024344,272,1,93.59,0.6895921752787264,High
U035140,152,1,93.58,0.689591983073254,High
U028278,212,1,93.36,0.6895877686044732,High
U030593,258,1,92.39,0.6895691857736951,High
U024537,354,1,91.54,0.6895529010478508,High
U017066,178,1,90.73,0.6895373821112264,High
U010613,145,1,90.69,0.6895366158523517,High
U033035,350,1,90.22,0.6895276111335034,High
U000006,158,1,89.49,0.689513624964539,High
U045451,172,1,87.47,0.6894749202479475,High
U009362,33,1,86.23,0.6894511595947381,High
U023138,285,1,85.34,0.6894341059474801,High
U047470,259,1,85.03,0.6894281652289161,High
U044450,111,1,84.23,0.6894128342523937,High
U042810,132,1,83.92,0.6894068941897823,High
U016395,278,1,83.9,0.6894065105322076,High
U007815,343,1,83.69,0.6894024860699224,High
U015834,360,1,83.54,0.6893996116877629,High
U018988,247,1,83.1,0.6893911798478934,High
U051513,102,1,82.97,0.6893886881986044,High
U010643,180,1,82.73,0.6893840885401333,High
U019873,81,1,82.11,0.6893722068687669,High
U003954,203,1,80.24,0.6893363680640717,High
U020042,121,1,79.64,0.6893248682234991,High
U035360,24,1,79.26,0.689317584664935,High
U015234,285,1,78.84,0.6893095353254645,High
U050340,301,1,78.49,0.6893028267219837,High
U033260,258,1,237.13,0.6892707540708464,High
U022884,289,1,76.5,0.6892646827612651,High
U006522,362,1,236.26,0.6892540787431432,High
U050380,184,1,75.64,0.6892481978175414,High
U037642,202,1,74.47,0.689225769548644,High
U034014,110,1,74.44,0.6892251943177808,High
U011764,209,1,73.32,0.6892037241863289,High
U003550,176,1,72.87,0.6891950970856745,High
U045796,159,1,72.7,0.6891918387262096,High
U010471,27,1,72.3,0.6891841696467198,High
U025969,333,1,71.95,0.6891774604367933,High
U028400,195,1,71.73,0.6891732419968434,High
U022688,150,1,231.78,0.6891681959540085,High
U031590,94,1,70.75,0.6891544540622319,High
U025744,353,1,70.6,0.6891515784196696,High
U019380,121,1,70.49,0.6891494695471801,High
U033135,335,1,70.46,0.6891488942387847,High
U026495,25,1,70.23,0.689144484108303,High
U048172,221,1,229.89,0.6891319603819135,High
U033644,151,1,69.38,0.6891281880271505,High
U015899,361,1,69.29,0.6891264620353523,High
U007158,297,1,68.21,0.6891057550035716,High
U022739,302,1,67.8,0.6890978932647366,High
U021783,246,1,66.97,0.6890819788409552,High
U048359,147,1,65.1,0.6890461216551833,High
U033361,105,1,64.47,0.6890340404922431,High
U023506,31,1,64.34,0.689031548150465,High
U016954,110,1,63.47,0.6890148640172454,High
U022665,7,1,63.47,0.6890148640172454,High
U007674,5,1,62.74,0.6890008647280003,High
U020026,252,1,62.69,0.6889999062156082,High
U038797,331,1,62.21,0.6889907009814469,High
U027234,192,1,62.11,0.6889887830404801,High
U023376,227,1,62.08,0.6889882075689054,High
U046482,65,1,61.55,0.6889780435954291,High
U002380,110,1,61.54,0.6889778516213007,High
U039903,136,1,220.82,0.6889580351470151,High
U006362,72,1,59.87,0.6889458235995927,High
U020707,69,1,59.75,0.6889435219755113,High
U034745,187,1,59.25,0.6889339322881192,High
U051073,340,1,58.91,0.6889274112256759,High
U043322,114,1,218.51,0.6889137320480379,High
U048181,35,1,58.16,0.688913026225162,High
U023582,235,1,56.07,0.6888729381165823,High
U009550,70,1,215.9,0.6888636695352562,High
U039184,195,1,53.13,0.6888165412537487,High
U003942,232,1,52.97,0.6888134718669389,High
U043731,308,1,52.83,0.6888107860848359,High
U044181,356,1,51.84,0.688791794097699,High
U040625,248,1,51.74,0.6887898754841615,High
U004624,350,1,51.69,0.6887889166152122,High
U049634,293,1,50.55,0.6887670458628427,High
U020653,144,1,49.06,0.6887384589812007,High
U038454,357,1,45.91,0.6886780195881419,High
U015543,70,1,204.85,0.6886516684124505,High
U048981,324,1,44.14,0.6886440555375313,High
U043460,320,1,42.32,0.6886091298441159,High
U010441,326,1,41.64,0.6885960801816304,High
U009686,154,1,41.5,0.6885933933715086,High
U012361,217,1,41.16,0.6885868683970929,High
U004628,230,1,200.59,0.6885699181997402,High
U025010,255,1,38.27,0.6885314028709333,High
U002605,266,1,35.45,0.6884772756193145,High
U013526,201,1,195.64,0.6884749103273624,High
U033432,100,1,193.7,0.6884376710106783,High
U027555,213,1,193.36,0.688431143809211,High
U039278,363,1,32.83,0.6884269824744191,High
U014713,249,1,193.0,0.6884242330914006,High
U033622,241,1,189.94,0.6883654877213127,High
U013600,73,1,189.76,0.6883620328555345,High
U004057,177,1,29.44,0.6883619022337173,High
U028711,303,1,189.29,0.688353009466394,High
U043819,264,1,189.02,0.6883478244027507,High
U009590,87,1,188.15,0.6883311219415894,High
U023085,108,1,187.21,0.6883130722783272,High
U015050,248,1,26.74,0.688310063060651,High
U018765,95,1,186.83,0.6883057766061016,High
U039875,194,1,181.77,0.6882086122724081,High
U004271,12,1,177.64,0.6881292947223019,High
U007691,339,1,175.81,0.6880941456078373,High
U036428,42,1,174.29,0.6880649493864605,High
U019974,5,1,172.87,0.6880376719465658,High
U039082,5,1,172.73,0.6880349825012274,High
U042742,185,1,171.53,0.6880119298446885,High
U017645,145,1,168.74,0.687958328863922,High
U043785,173,1,166.57,0.6879166361254869,High
U035475,149,1,166.21,0.6879097191691523,High
U037365,110,1,165.87,0.6879031876850823,High
U005907,284,1,164.58,0.6878783999248623,High
U001621,155,1,162.82,0.6878445796546159,High
U015619,49,1,160.35,0.6877971136369019,High
U013154,103,1,159.93,0.6877890436285247,High
U043482,142,1,158.65,0.6877644437422584,High
U029334,119,1,155.75,0.687708705324143,High
U045362,191,1,155.14,0.6876969805638116,High
U027493,247,1,152.22,0.6876408516040128,High
U017878,306,1,151.41,0.6876252803853581,High
U000948,96,1,147.89,0.6875576096686129,High
U019055,242,1,146.82,0.6875370366556894,High
U038593,75,1,142.59,0.6874557036244922,High
U050351,179,1,140.93,0.6874237824679162,High
U042740,205,1,139.54,0.6873970515138137,High
U033982,199,1,138.45,0.6873760885901741,High
U043666,244,1,138.15,0.6873703193133579,High
U045378,236,1,136.09,0.6873306993377996,High
U007078,168,1,135.46,0.687318580888479,High
U021278,267,1,133.56,0.6872820363143193,High
U035598,164,1,130.9,0.6872308689406751,High
U035054,89,1,130.6,0.6872250964375319,High
U047690,279,1,129.71,0.6872079751237272,High
U008254,339,1,128.88,0.6871920078734398,High
U017557,68,1,128.33,0.6871814271335654,High
U007343,24,1,128.16,0.687178156362526,High
U014384,42,1,126.82,0.6871523764682882,High
U015583,307,1,126.79,0.6871517991416675,High
U005106,297,1,126.59,0.6871479517544253,High
U028130,259,1,126.58,0.6871477587221094,High
U041457,312,1,125.75,0.687131789797392,High
U007582,277,1,284.01,0.6870922827203663,High
U016456,217,1,123.39,0.6870863812223964,High
U021494,341,1,123.38,0.6870861890525217,High
U043200,69,1,123.28,0.6870842647008376,High
U027431,270,1,122.53,0.6870698331825205,High
U037973,360,1,122.46,0.6870684861869925,High
U009593,34,1,121.86,0.6870569405076938,High
U025452,139,1,121.82,0.6870561709052504,High
U023861,180,1,120.94,0.6870392367411556,High
U003804,275,1,119.4,0.6870096014159164,High
U001849,346,1,118.35,0.6869893949174678,High
U003101,313,1,118.18,0.686986123053161,High
U018601,286,1,118.03,0.6869832364623131,High
U024619,324,1,117.74,0.6869776554433719,High
U008405,309,1,115.21,0.6869289625007018,High
U012486,295,1,115.14,0.6869276151751029,High
U024968,5,1,114.77,0.6869204940493067,High
U004449,299,1,113.37,0.6868935465410991,High
U043523,123,1,112.94,0.6868852698054834,High
U049709,134,1,112.85,0.6868835379023978,High
U011458,328,1,111.6,0.6868594767732397,High
U034195,291,1,108.86,0.6868067310115074,High
U030694,179,1,107.38,0.6867782391122513,High
U023781,207,1,105.93,0.6867503226499035,High
U041341,114,1,105.78,0.6867474348760678,High
U009063,252,1,105.05,0.6867333794817506,High
U043611,63,1,103.01,0.6866941010642438,High
U015735,66,1,102.61,0.6866863992556981,High
U046733,43,1,101.56,0.686666181408018,High
U048509,326,1,101.42,0.6866634855235645,High
U029767,326,1,101.21,0.6866594416732388,High
U027156,123,1,100.79,0.686651353887467,High
U005429,267,1,100.19,0.6866397998371808,High
U007953,196,1,99.28,0.6866222764445913,High
U016924,241,1,98.49,0.6866070631348625,High
U031672,113,1,98.45,0.686606292930715,High
U023688,227,1,97.94,0.6865964707489105,High
U040667,312,1,97.83,0.6865943524251461,High
U051158,33,1,417.25,0.6865711178597178,High
U045005,347,1,256.3,0.6865588556772172,High
U039561,130,1,93.87,0.6865180849350749,High
U051682,263,1,92.18,0.6864855336935386,High
U003580,201,1,91.45,0.6864714727969495,High
U003656,116,1,89.05,0.6864252407908426,High
U040164,162,1,87.1,0.68638767566469,High
U042099,104,1,245.0,0.6863411825305344,High
U002333,27,1,244.99,0.6863409892276559,High
U038313,224,1,83.32,0.6863148489824084,High
U029761,314,1,83.01,0.6863088757450463,High
U050410,125,1,82.74,0.6863036739393703,High
U001236,188,1,81.07,0.6862714954918829,High
U038798,348,1,236.41,0.6861756581627207,High
U033493,259,1,75.76,0.6861691680769025,High
U003262,207,1,74.57,0.6861462338068348,High
U020222,151,1,74.43,0.6861435354935621,High
U032627,221,1,74.4,0.6861429571555694,High
U019159,72,1,233.65,0.6861224657555067,High
U050885,162,1,233.63,0.6861220790033876,High
U047691,318,1,72.45,0.686105373676792,High
U050397,24,1,71.84,0.6860936161970909,High
U005444,179,1,68.09,0.6860213309254213,High
U027368,240,1,67.42,0.6860084147940513,High
U033583,68,1,65.06,0.6859629176911403,High
U009759,333,1,63.5,0.6859328410428261,High
U034529,107,1,221.76,0.6858932535470333,High
U001384,39,1,60.43,0.6858736477030073,High
U006228,53,1,215.83,0.685778901891451,High
U024425,40,1,53.47,0.6857394280085611,High
U010773,53,1,52.69,0.6857243845232959,High
