date,type,orders,lo,hi
2025-09-25,actual,737,,
2025-09-26,actual,989,,
2025-09-27,actual,959,,
2025-09-28,actual,1021,,
2025-09-29,actual,750,,
2025-09-30,actual,743,,
2025-10-01,actual,741,,
2025-10-02,actual,801,,
2025-10-03,actual,956,,
2025-10-04,actual,1012,,
2025-10-05,actual,1027,,
2025-10-06,actual,784,,
2025-10-07,actual,755,,
2025-10-08,actual,777,,
2025-10-09,actual,805,,
2025-10-10,actual,1030,,
2025-10-11,actual,998,,
2025-10-12,actual,1081,,
2025-10-13,actual,776,,
2025-10-14,actual,809,,
2025-10-15,actual,840,,
2025-10-16,actual,801,,
2025-10-17,actual,1086,,
2025-10-18,actual,1100,,
2025-10-19,actual,1001,,
2025-10-20,actual,803,,
2025-10-21,actual,898,,
2025-10-22,actual,803,,
2025-10-23,actual,835,,
2025-10-24,actual,1074,,
2025-10-25,actual,1037,,
2025-10-26,actual,1039,,
2025-10-27,actual,862,,
2025-10-28,actual,836,,
2025-10-29,actual,803,,
2025-10-30,actual,783,,
2025-10-31,actual,1100,,
2025-11-01,actual,1073,,
2025-11-02,actual,1097,,
2025-11-03,actual,836,,
2025-11-04,actual,845,,
2025-11-05,actual,841,,
2025-11-06,actual,757,,
2025-11-07,actual,1107,,
2025-11-08,actual,1085,,
2025-11-09,actual,1080,,
2025-11-10,actual,862,,
2025-11-11,actual,819,,
2025-11-12,actual,806,,
2025-11-13,actual,840,,
2025-11-14,actual,1067,,
2025-11-15,actual,1101,,
2025-11-16,actual,1065,,
2025-11-17,actual,865,,
2025-11-18,actual,759,,
2025-11-19,actual,823,,
2025-11-20,actual,843,,
2025-11-21,actual,1101,,
2025-11-22,actual,1029,,
2025-11-23,actual,1119,,
2025-11-24,actual,880,,
2025-11-25,actual,849,,
2025-11-26,actual,771,,
2025-11-27,actual,831,,
2025-11-28,actual,1062,,
2025-11-29,actual,1018,,
2025-11-30,actual,1064,,
2025-12-01,actual,844,,
2025-12-02,actual,869,,
2025-12-03,actual,848,,
2025-12-04,actual,854,,
2025-12-05,actual,1044,,
2025-12-06,actual,1046,,
2025-12-07,actual,1060,,
2025-12-08,actual,774,,
2025-12-09,actual,759,,
2025-12-10,actual,736,,
2025-12-11,actual,818,,
2025-12-12,actual,1047,,
2025-12-13,actual,979,,
2025-12-14,actual,1049,,
2025-12-15,actual,775,,
2025-12-16,actual,786,,
2025-12-17,actual,819,,
2025-12-18,actual,773,,
2025-12-19,actual,983,,
2025-12-20,actual,1068,,
2025-12-21,actual,979,,
2025-12-22,actual,756,,
2025-12-23,actual,761,,
2025-12-24,actual,711,,
2025-12-25,actual,744,,
2025-12-26,actual,991,,
2025-12-27,actual,968,,
2025-12-28,actual,984,,
2025-12-29,actual,728,,
2025-12-30,actual,741,,
2025-12-31,actual,755,,
2026-01-01,actual,749,,
2026-01-02,actual,1019,,
2026-01-03,actual,1011,,
2026-01-04,actual,977,,
2026-01-05,actual,724,,
2026-01-06,actual,683,,
2026-01-07,actual,675,,
2026-01-08,actual,725,,
2026-01-09,actual,909,,
2026-01-10,actual,922,,
2026-01-11,actual,931,,
2026-01-12,actual,729,,
2026-01-13,actual,733,,
2026-01-14,actual,649,,
2026-01-15,actual,706,,
2026-01-16,actual,911,,
2026-01-17,actual,895,,
2026-01-18,actual,939,,
2026-01-19,actual,719,,
2026-01-20,actual,702,,
2026-01-21,actual,722,,
2026-01-22,actual,711,,
2026-01-23,actual,880,,
2026-01-24,actual,928,,
2026-01-25,actual,890,,
2026-01-26,actual,706,,
2026-01-27,actual,688,,
2026-01-28,actual,660,,
2026-01-29,actual,690,,
2026-01-30,actual,878,,
2026-01-31,actual,921,,
2026-02-01,actual,929,,
2026-02-02,actual,693,,
2026-02-03,actual,680,,
2026-02-04,actual,700,,
2026-02-05,actual,662,,
2026-02-06,actual,929,,
2026-02-07,actual,890,,
2026-02-08,actual,877,,
2026-02-09,actual,755,,
2026-02-10,actual,719,,
2026-02-11,actual,671,,
2026-02-12,actual,678,,
2026-02-13,actual,921,,
2026-02-14,actual,881,,
2026-02-15,actual,927,,
2026-02-16,actual,715,,
2026-02-17,actual,679,,
2026-02-18,actual,667,,
2026-02-19,actual,672,,
2026-02-20,actual,873,,
2026-02-21,actual,863,,
2026-02-22,actual,878,,
2026-02-23,actual,678,,
2026-02-24,actual,722,,
2026-02-25,actual,694,,
2026-02-26,actual,667,,
2026-02-27,actual,886,,
2026-02-28,actual,892,,
2026-03-01,actual,914,,
2026-03-02,actual,659,,
2026-03-03,actual,681,,
2026-03-04,actual,680,,
2026-03-05,actual,733,,
2026-03-06,actual,939,,
2026-03-07,actual,898,,
2026-03-08,actual,880,,
2026-03-09,actual,681,,
2026-03-10,actual,690,,
2026-03-11,actual,730,,
2026-03-12,actual,657,,
2026-03-13,actual,902,,
2026-03-14,actual,917,,
2026-03-15,actual,935,,
2026-03-16,actual,733,,
2026-03-17,actual,695,,
2026-03-18,actual,738,,
2026-03-19,actual,762,,
2026-03-20,actual,937,,
2026-03-21,actual,970,,
2026-03-22,actual,983,,
2026-03-23,actual,714,,
2026-03-24,actual,728,,
2026-03-25,actual,723,,
2026-03-26,actual,815,,
2026-03-27,actual,940,,
2026-03-28,actual,1031,,
2026-03-29,actual,939,,
2026-03-30,actual,775,,
2026-03-31,actual,790,,
2026-04-01,actual,742,,
2026-04-02,actual,730,,
2026-04-03,actual,1009,,
2026-04-04,actual,998,,
2026-04-05,actual,971,,
2026-04-06,actual,768,,
2026-04-07,actual,806,,
2026-04-08,actual,844,,
2026-04-09,actual,766,,
2026-04-10,actual,998,,
2026-04-11,actual,1046,,
2026-04-12,actual,980,,
2026-04-13,actual,776,,
2026-04-14,actual,811,,
2026-04-15,actual,822,,
2026-04-16,actual,758,,
2026-04-17,actual,1034,,
2026-04-18,actual,1047,,
2026-04-19,actual,995,,
2026-04-20,actual,772,,
2026-04-21,actual,856,,
2026-04-22,actual,771,,
2026-04-23,actual,795,,
2026-04-24,actual,1058,,
2026-04-25,actual,1011,,
2026-04-26,actual,1029,,
2026-04-27,actual,784,,
2026-04-28,actual,832,,
2026-04-29,actual,763,,
2026-04-30,actual,792,,
2026-05-01,actual,1072,,
2026-05-02,actual,1060,,
2026-05-03,actual,1050,,
2026-05-04,actual,821,,
2026-05-05,actual,798,,
2026-05-06,actual,808,,
2026-05-07,actual,814,,
2026-05-08,actual,1086,,
2026-05-09,actual,1045,,
2026-05-10,actual,1092,,
2026-05-11,actual,844,,
2026-05-12,actual,849,,
2026-05-13,actual,842,,
2026-05-14,actual,786,,
2026-05-15,actual,1068,,
2026-05-16,actual,1081,,
2026-05-17,actual,1022,,
2026-05-18,actual,846,,
2026-05-19,actual,788,,
2026-05-20,actual,824,,
2026-05-21,actual,871,,
2026-05-22,actual,1117,,
2026-05-23,actual,1100,,
2026-05-24,actual,1070,,
2026-05-25,actual,820,,
2026-05-26,actual,828,,
2026-05-27,actual,857,,
2026-05-28,actual,842,,
2026-05-29,actual,1079,,
2026-05-30,actual,1100,,
2026-05-31,actual,1049,,
2026-06-01,actual,826,,
2026-06-02,actual,794,,
2026-06-03,actual,841,,
2026-06-04,actual,811,,
2026-06-05,actual,1073,,
2026-06-06,actual,1041,,
2026-06-07,actual,1057,,
2026-06-08,actual,719,,
2026-06-09,actual,829,,
2026-06-10,actual,895,,
2026-06-11,actual,860,,
2026-06-12,actual,1059,,
2026-06-13,actual,1020,,
2026-06-14,actual,1044,,
2026-06-15,actual,799,,
2026-06-16,actual,837,,
2026-06-17,actual,811,,
2026-06-18,actual,738,,
2026-06-19,actual,1075,,
2026-06-20,actual,985,,
2026-06-21,actual,998,,
2026-06-22,actual,765,,
2026-06-23,actual,779,,
2026-06-24,actual,783,,
2026-06-25,actual,775,,
2026-06-26,actual,1083,,
2026-06-27,actual,998,,
2026-06-28,actual,1031,,
2026-06-29,actual,747,,
2026-06-30,actual,751,,
2026-07-01,actual,732,,
2026-07-02,actual,738,,
2026-07-03,actual,983,,
2026-07-04,actual,1016,,
2026-07-05,actual,1032,,
2026-07-06,actual,726,,
2026-07-07,actual,769,,
2026-07-08,actual,726,,
2026-07-09,actual,742,,
2026-07-10,actual,937,,
2026-07-11,actual,985,,
2026-07-12,actual,983,,
2026-07-13,actual,719,,
2026-07-14,actual,789,,
2026-07-15,actual,699,,
2026-07-16,actual,757,,
2026-07-17,actual,966,,
2026-07-18,actual,935,,
2026-07-19,actual,971,,
2026-07-20,actual,707,,
2026-07-21,actual,753,,
2026-07-22,actual,703,,
2026-07-23,actual,659,,
2026-07-24,actual,905,,
2026-07-25,actual,888,,
2026-07-26,actual,940,,
2026-07-27,actual,746,,
2026-07-28,actual,719,,
2026-07-29,actual,762,,
2026-07-30,actual,692,,
2026-07-31,actual,924,,
2026-08-01,actual,949,,
2026-08-02,actual,930,,
2026-08-03,actual,687,,
2026-08-04,actual,663,,
2026-08-05,actual,742,,
2026-08-06,actual,695,,
2026-08-07,actual,896,,
2026-08-08,actual,927,,
2026-08-09,actual,822,,
2026-08-10,actual,671,,
2026-08-11,actual,731,,
2026-08-12,actual,659,,
2026-08-13,actual,732,,
2026-08-14,actual,901,,
2026-08-15,actual,883,,
2026-08-16,actual,894,,
2026-08-17,actual,691,,
2026-08-18,actual,659,,
2026-08-19,actual,667,,
2026-08-20,actual,640,,
2026-08-21,actual,906,,
2026-08-22,actual,872,,
2026-08-23,actual,922,,
2026-08-24,actual,694,,
2026-08-25,actual,693,,
2026-08-26,actual,664,,
2026-08-27,actual,714,,
2026-08-28,actual,875,,
2026-08-29,actual,827,,
2026-08-30,actual,912,,
2026-08-31,actual,656,,
2026-09-01,actual,661,,
2026-09-02,actual,665,,
2026-09-03,actual,720,,
2026-09-04,actual,894,,
2026-09-05,actual,897,,
2026-09-06,actual,943,,
2026-09-07,actual,645,,
2026-09-08,actual,718,,
2026-09-09,actual,698,,
2026-09-10,actual,733,,
2026-09-11,actual,905,,
2026-09-12,actual,850,,
2026-09-13,actual,932,,
2026-09-14,actual,678,,
2026-09-15,actual,693,,
2026-09-16,actual,681,,
2026-09-17,actual,719,,
2026-09-18,actual,870,,
2026-09-19,actual,947,,
2026-09-20,actual,921,,
2026-09-21,actual,724,,
2026-09-22,actual,708,,
2026-09-23,actual,735,,
2026-09-24,actual,748,,
2026-09-25,actual,978,,
2026-09-26,forecast,938,878,999
2026-09-27,forecast,943,881,1006
2026-09-28,forecast,712,648,776
2026-09-29,forecast,718,652,784
2026-09-30,forecast,710,642,778
2026-10-01,forecast,713,643,782
2026-10-02,forecast,944,873,1015
2026-10-03,forecast,937,864,1010
2026-10-04,forecast,942,867,1017
2026-10-05,forecast,710,633,787
2026-10-06,forecast,716,638,795
2026-10-07,forecast,708,628,789
2026-10-08,forecast,711,629,794
2026-10-09,forecast,942,858,1026
