name,rev,profit,aov,cust,repeat,waste,rating,star,drag,channel,channel_share
Riverside,2116392.5,54.5,108.73,16162,17.0,6.9,4.1,Seafood Platter,Cappuccino,Dine-in,38.0
Business Bay,2094616.5,54.3,108.42,16038,17.0,7.2,4.1,Crab Cakes,Cappuccino,Dine-in,38.0
Tech Park,2002327.5,54.4,108.11,15497,17.0,7.0,4.1,Tuna Steak,Cappuccino,Dine-in,38.0
Marina Bay,1987373.0,54.0,105.67,15663,17.0,7.0,4.1,Steak Sandwich,Cappuccino,Dine-in,38.0
Hillcrest,1966601.25,53.9,107.92,15231,17.0,7.0,4.0,Grilled Veg Platter,Cappuccino,Dine-in,39.0
Downtown,1950697.5,54.4,108.42,15146,16.0,7.1,4.1,Mussels Marinara,Cappuccino,Dine-in,38.0
Harborview,1901586.5,53.7,106.56,15007,16.0,7.3,4.1,Club Sandwich,Cappuccino,Dine-in,38.0
Airport Terminal,1895135.375,54.2,108.02,14814,16.0,7.2,4.1,Crab Cakes,Sweet Potato Fries,Dine-in,37.0
Palm Court,1752342.25,54.1,111.15,13542,14.0,7.2,4.1,Spicy Buffalo Wings,Cappuccino,Dine-in,39.0
Uptown,1702572.0,54.3,108.24,13364,15.0,7.3,4.1,Pesto Pasta,Cappuccino,Dine-in,38.0
Station Square,1641041.5,54.1,106.82,13200,14.0,7.5,4.1,Paneer Tikka Masala,Cappuccino,Dine-in,38.0
University District,1597155.5,54.0,107.78,12753,14.0,7.5,4.1,Spicy Buffalo Wings,Cappuccino,Dine-in,38.0
Beachfront,1587166.25,53.7,106.95,12849,13.0,7.4,4.1,Paneer Tikka Masala,Espresso,Dine-in,38.0
Old Town,1532978.75,53.8,106.46,12529,13.0,7.4,4.0,Paneer Tikka Masala,Cappuccino,Dine-in,38.0
Central Station,1504154.875,54.0,108.9,12046,13.0,7.4,4.0,Grilled Octopus,Cappuccino,Dine-in,38.0
Silver Heights,1460707.625,54.3,108.06,11822,12.0,7.4,4.1,Paneer Tikka Masala,Cappuccino,Dine-in,39.0
Grand Mall,1414404.0,54.0,109.7,11269,12.0,7.4,4.0,Grilled Octopus,Cappuccino,Dine-in,37.0
Green Valley,1320588.0,54.5,111.68,10483,11.0,7.5,4.1,Paneer Tikka Masala,Cappuccino,Dine-in,37.0
Lakeside,1181678.75,54.2,106.91,9925,10.0,7.9,4.1,Paneer Tikka Masala,Espresso,Dine-in,38.0
Sunset Plaza,1143436.0,53.9,106.2,9594,10.0,7.9,4.0,Paneer Tikka Masala,Cappuccino,Dine-in,37.0
