promotion,type,discount,sales_lift,margin_gap,aov,verdict,note
Weekday Lunch Combo,combo,15,2.8,-5.7,97.42,TRAP,Promoted orders barely break even
Family Combo,combo,25,2.9,-12.5,84.9,TRAP,Margin collapses - discount is eating profitable items
App-Only 20% Off,channel,20,2.9,-8.8,91.63,TRAP,Promoted orders barely break even
Dessert Add-on,upsell,10,2.9,-2.7,101.38,OK,"Works, but margin is on the thin side"
Happy Hour Drinks,timed,30,2.9,-16.6,79.13,TRAP,Margin collapses - discount is eating profitable items
Weekend Feast,combo,22,2.8,-10.2,88.62,TRAP,Margin collapses - discount is eating profitable items
Student Discount,channel,12,2.9,-3.9,99.31,OK,"Works, but margin is on the thin side"
Loyalty Reward,loyalty,8,2.9,-1.6,103.57,OK,"Works, but margin is on the thin side"
Seasonal Special,timed,18,2.9,-7.6,93.3,TRAP,Promoted orders barely break even
